,amplist,tlist
0,0.0,0.0
1,-3.4085512161254883,0.05
2,0.4699885845184326,0.1
3,-1.2891948223114014,0.15000000000000002
4,-17.839502334594727,0.2
5,-9.02514362335205,0.25
6,-5.543500900268555,0.30000000000000004
7,-9.123342514038086,0.35000000000000003
8,-2.6451518535614014,0.4
9,-1.2666125297546387,0.45
10,-12.250516891479492,0.5
11,-10.089973449707031,0.55
12,-7.0156426429748535,0.6000000000000001
13,1.3059983253479004,0.65
14,12.001657485961914,0.7000000000000001
15,9.448709487915039,0.75
16,6.361105442047119,0.8
17,9.237154006958008,0.8500000000000001
18,2.8500595092773438,0.9
19,7.150135040283203,0.9500000000000001
20,10.312477111816406,1.0
21,5.922879695892334,1.05
22,-7.999186992645264,1.1
23,-6.681727886199951,1.1500000000000001
24,-8.419412612915039,1.2000000000000002
25,-9.310362815856934,1.25
26,-6.481990814208984,1.3
27,-6.198878288269043,1.35
28,-13.053155899047852,1.4000000000000001
29,-10.219228744506836,1.4500000000000002
30,-7.3184814453125,1.5
31,-14.196921348571777,1.55
32,-11.005973815917969,1.6
33,-9.773693084716797,1.6500000000000001
34,-4.386520862579346,1.7000000000000002
35,0.8170185089111328,1.75
36,0.15171337127685547,1.8
37,7.591048240661621,1.85
38,15.6085844039917,1.9000000000000001
39,13.67630672454834,1.9500000000000002
40,1.6056833267211914,2.0
41,3.699129104614258,2.0500000000000003
42,1.8741512298583984,2.1
43,3.4202442169189453,2.15
44,4.913097381591797,2.2
45,3.5234580039978027,2.25
46,-11.286317825317383,2.3000000000000003
47,-11.830184936523438,2.35
48,-10.512208938598633,2.4000000000000004
49,-13.054079055786133,2.45
50,-11.951545715332031,2.5
51,-13.358036041259766,2.5500000000000003
52,-10.956299781799316,2.6
53,-12.024681091308594,2.6500000000000004
54,-10.906543731689453,2.7
55,-8.93409538269043,2.75
56,-8.606658935546875,2.8000000000000003
57,-14.51229190826416,2.85
58,-8.24578857421875,2.9000000000000004
59,-11.808826446533203,2.95
60,-16.618694305419922,3.0
61,-2.997272491455078,3.0500000000000003
62,-6.845815658569336,3.1
63,-12.20401382446289,3.1500000000000004
64,2.774881362915039,3.2
65,0.2250652313232422,3.25
66,-2.6010541915893555,3.3000000000000003
67,-5.596860885620117,3.35
68,-4.111441135406494,3.4000000000000004
69,-6.154282569885254,3.45
70,-14.775214195251465,3.5
71,-12.5199613571167,3.5500000000000003
72,-9.008956909179688,3.6
73,-14.897396087646484,3.6500000000000004
74,-11.639259338378906,3.7
75,-12.194381713867188,3.75
76,-9.678010940551758,3.8000000000000003
77,-8.852855682373047,3.85
78,-11.542121887207031,3.9000000000000004
79,-10.665206909179688,3.95
80,-14.186758041381836,4.0
81,-14.779441833496094,4.05
82,-2.802745819091797,4.1000000000000005
83,-6.709331512451172,4.15
84,-7.9369635581970215,4.2
85,11.779714584350586,4.25
86,17.974519729614258,4.3
87,11.009355545043945,4.3500000000000005
88,2.6914472579956055,4.4
89,8.258451461791992,4.45
90,5.068106174468994,4.5
91,10.578874588012695,4.55
92,11.895774841308594,4.6000000000000005
93,7.330730438232422,4.65
94,12.515047073364258,4.7
95,16.44116973876953,4.75
96,9.682886123657227,4.800000000000001
97,-0.8313932418823242,4.8500000000000005
98,-6.402046203613281,4.9
99,-15.676664352416992,4.95
100,-8.361347198486328,5.0
101,-9.140291213989258,5.050000000000001
102,-16.49352264404297,5.1000000000000005
103,-10.94709587097168,5.15
104,-8.084815979003906,5.2
105,-14.796921730041504,5.25
106,-7.907098770141602,5.300000000000001
107,-0.5360527038574219,5.3500000000000005
108,-4.32670783996582,5.4
109,0.9169273376464844,5.45
110,3.9963607788085938,5.5
111,2.2134432792663574,5.550000000000001
112,2.263118028640747,5.6000000000000005
113,0.15283608436584473,5.65
114,-1.692770004272461,5.7
115,12.832235336303711,5.75
116,17.214672088623047,5.800000000000001
117,10.674272537231445,5.8500000000000005
118,-0.39174556732177734,5.9
119,-9.05781364440918,5.95
120,-15.790809631347656,6.0
121,-11.87755298614502,6.050000000000001
122,-7.860311508178711,6.1000000000000005
123,-12.167771339416504,6.15
124,-15.680170059204102,6.2
125,-11.629171371459961,6.25
126,-13.274337768554688,6.300000000000001
127,-7.9166154861450195,6.3500000000000005
128,-4.498649597167969,6.4
129,-3.874439239501953,6.45
130,-2.7484302520751953,6.5
131,1.9810810089111328,6.550000000000001
132,6.775243759155273,6.6000000000000005
133,-0.20686578750610352,6.65
134,0.18491315841674805,6.7
135,2.5288748741149902,6.75
136,9.95687484741211,6.800000000000001
137,10.578920364379883,6.8500000000000005
138,9.12857437133789,6.9
139,-3.7546234130859375,6.95
140,-5.312101364135742,7.0
141,-5.360967636108398,7.050000000000001
142,-15.405742645263672,7.1000000000000005
143,-14.709091186523438,7.15
144,-14.330218315124512,7.2
145,-14.688624382019043,7.25
146,-11.781198501586914,7.300000000000001
147,-16.130334854125977,7.3500000000000005
148,-11.577798843383789,7.4
149,-5.178556442260742,7.45
150,-8.003852844238281,7.5
151,-13.821385383605957,7.550000000000001
152,-14.355806350708008,7.6000000000000005
153,-12.32097053527832,7.65
154,-6.031606674194336,7.7
155,-6.397662162780762,7.75
156,-9.376821517944336,7.800000000000001
157,6.222949028015137,7.8500000000000005
158,12.139287948608398,7.9
159,7.93902587890625,7.95
160,10.63681411743164,8.0
161,11.079761505126953,8.05
162,7.870370864868164,8.1
163,2.0666799545288086,8.15
164,-1.3083209991455078,8.200000000000001
165,-5.2396745681762695,8.25
166,-4.738762855529785,8.3
167,-7.368247032165527,8.35
168,-7.968184947967529,8.4
169,-12.113908767700195,8.450000000000001
170,-12.508142471313477,8.5
171,-9.807328224182129,8.55
172,-13.732086181640625,8.6
173,-12.283145904541016,8.65
174,-6.349765300750732,8.700000000000001
175,-5.5344743728637695,8.75
176,2.9019722938537598,8.8
177,2.8264622688293457,8.85
178,3.888896942138672,8.9
179,6.735973834991455,8.950000000000001
180,6.571537017822266,9.0
181,7.1534743309021,9.05
182,6.257142066955566,9.1
183,2.4511899948120117,9.15
184,-1.1614570617675781,9.200000000000001
185,-4.0439581871032715,9.25
186,-6.692632675170898,9.3
187,-8.366902351379395,9.35
188,-11.56251335144043,9.4
189,-9.396827697753906,9.450000000000001
190,-8.694150924682617,9.5
191,-8.828731536865234,9.55
192,-4.935785293579102,9.600000000000001
193,-15.268083572387695,9.65
194,-12.776212692260742,9.700000000000001
195,-11.065238952636719,9.75
196,-14.300731658935547,9.8
197,-13.428690910339355,9.850000000000001
198,-15.226452827453613,9.9
199,-8.932209014892578,9.950000000000001
200,-5.351710319519043,10.0
201,-10.282632827758789,10.05
202,-3.710028648376465,10.100000000000001
203,-3.46926212310791,10.15
204,-8.927095413208008,10.200000000000001
205,2.938526153564453,10.25
206,1.408041000366211,10.3
207,-2.2898683547973633,10.350000000000001
208,-6.355025291442871,10.4
209,-7.442342758178711,10.450000000000001
210,-7.411609649658203,10.5
211,-13.926305770874023,10.55
212,-12.965897560119629,10.600000000000001
213,-13.910690307617188,10.65
214,-16.061233520507812,10.700000000000001
215,-13.299997329711914,10.75
216,-13.452524185180664,10.8
217,-8.43388843536377,10.850000000000001
218,-7.465847015380859,10.9
219,-9.18700122833252,10.950000000000001
220,-1.2975106239318848,11.0
221,0.8062038421630859,11.05
222,-5.048244476318359,11.100000000000001
223,3.9572677612304688,11.15
224,5.101099014282227,11.200000000000001
225,0.9954571723937988,11.25
226,7.999706268310547,11.3
227,10.501791000366211,11.350000000000001
228,5.902832984924316,11.4
229,7.156713008880615,11.450000000000001
230,10.967947006225586,11.5
231,5.690864086151123,11.55
232,11.075011253356934,11.600000000000001
233,9.712669372558594,11.65
234,8.04387378692627,11.700000000000001
235,14.518287658691406,11.75
236,16.416276931762695,11.8
237,13.855213165283203,11.850000000000001
238,7.697981834411621,11.9
239,10.544724464416504,11.950000000000001
240,5.766668319702148,12.0
241,2.997792959213257,12.05
242,8.592741012573242,12.100000000000001
243,5.450811386108398,12.15
244,4.321497440338135,12.200000000000001
245,10.182493209838867,12.25
246,5.5900163650512695,12.3
247,4.379110336303711,12.350000000000001
248,13.750625610351562,12.4
249,8.318812370300293,12.450000000000001
250,4.5680832862854,12.5
251,12.872846603393555,12.55
252,8.71914005279541,12.600000000000001
253,3.0927834510803223,12.65
254,11.972322463989258,12.700000000000001
255,9.707984924316406,12.75
256,5.275628566741943,12.8
257,15.720399856567383,12.850000000000001
258,13.228578567504883,12.9
259,4.665875434875488,12.950000000000001
260,10.12852954864502,13.0
261,6.224472999572754,13.05
262,6.231853008270264,13.100000000000001
263,9.543658256530762,13.15
264,5.950784683227539,13.200000000000001
265,5.004177570343018,13.25
266,10.313095092773438,13.3
267,5.967304706573486,13.350000000000001
268,4.379721164703369,13.4
269,10.132061004638672,13.450000000000001
270,7.064752101898193,13.5
271,3.1895437240600586,13.55
272,12.586827278137207,13.600000000000001
273,9.98100471496582,13.65
274,5.927648544311523,13.700000000000001
275,13.033416748046875,13.75
276,10.621036529541016,13.8
277,8.359003067016602,13.850000000000001
278,13.324089050292969,13.9
279,9.004711151123047,13.950000000000001
280,8.45807933807373,14.0
281,11.064064025878906,14.05
282,4.707433700561523,14.100000000000001
283,6.305096626281738,14.15
284,9.869110107421875,14.200000000000001
285,7.156711578369141,14.25
286,2.308590888977051,14.3
287,7.204354286193848,14.350000000000001
288,5.59180212020874,14.4
289,1.5172901153564453,14.450000000000001
290,8.522391319274902,14.5
291,7.82041072845459,14.55
292,2.8622140884399414,14.600000000000001
293,10.545036315917969,14.65
294,10.700836181640625,14.700000000000001
295,2.7416696548461914,14.75
296,11.828455924987793,14.8
297,13.151692390441895,14.850000000000001
298,4.6068315505981445,14.9
299,11.157891273498535,14.950000000000001
300,8.27475357055664,15.0
301,8.090376853942871,15.05
302,11.924714088439941,15.100000000000001
303,9.604702949523926,15.15
304,2.844789981842041,15.200000000000001
305,8.643768310546875,15.25
306,7.617188453674316,15.3
307,0.3356170654296875,15.350000000000001
308,8.235177993774414,15.4
309,8.992717742919922,15.450000000000001
310,-0.2609567642211914,15.5
311,6.13600492477417,15.55
312,9.536087036132812,15.600000000000001
313,-0.02097320556640625,15.65
314,8.557730674743652,15.700000000000001
315,10.181212425231934,15.75
316,0.23044490814208984,15.8
317,9.413795471191406,15.850000000000001
318,11.207818984985352,15.9
319,4.376254081726074,15.950000000000001
320,10.819368362426758,16.0
321,9.377132415771484,16.05
322,5.946404457092285,16.1
323,11.301589012145996,16.150000000000002
324,11.498452186584473,16.2
325,10.3992338180542,16.25
326,13.296910285949707,16.3
327,9.984434127807617,16.35
328,9.256738662719727,16.400000000000002
329,14.057454109191895,16.45
330,7.846369743347168,16.5
331,5.284615516662598,16.55
332,10.83512020111084,16.6
333,7.555800437927246,16.650000000000002
334,5.634481430053711,16.7
335,9.268985748291016,16.75
336,8.259366035461426,16.8
337,7.32226037979126,16.85
338,10.479986190795898,16.900000000000002
339,10.746562957763672,16.95
340,11.28208065032959,17.0
341,14.91278076171875,17.05
342,9.439168930053711,17.1
343,11.857417106628418,17.150000000000002
344,13.431973457336426,17.2
345,10.32649040222168,17.25
346,14.376526832580566,17.3
347,14.433481216430664,17.35
348,11.897793769836426,17.400000000000002
349,11.731529235839844,17.45
350,14.117636680603027,17.5
351,7.299051284790039,17.55
352,7.748659610748291,17.6
353,11.546090126037598,17.650000000000002
354,7.102779388427734,17.7
355,3.655348062515259,17.75
356,7.879426956176758,17.8
357,7.272953987121582,17.85
358,4.070676803588867,17.900000000000002
359,6.1099162101745605,17.95
360,3.8443827629089355,18.0
361,7.510601043701172,18.05
362,10.741844177246094,18.1
363,5.655585765838623,18.150000000000002
364,12.087350845336914,18.2
365,12.70119571685791,18.25
366,10.993865966796875,18.3
367,14.188873291015625,18.35
368,16.085229873657227,18.400000000000002
369,9.1998872756958,18.45
370,7.138858795166016,18.5
371,9.956636428833008,18.55
372,5.757241249084473,18.6
373,8.185050964355469,18.650000000000002
374,10.016752243041992,18.7
375,6.117719650268555,18.75
376,9.148063659667969,18.8
377,11.189760208129883,18.85
378,7.606103897094727,18.900000000000002
379,10.145978927612305,18.95
380,14.413516998291016,19.0
381,10.879535675048828,19.05
382,12.623311996459961,19.1
383,14.711194038391113,19.150000000000002
384,11.239827156066895,19.200000000000003
385,10.083321571350098,19.25
386,15.165792465209961,19.3
387,7.443157196044922,19.35
388,7.928684711456299,19.400000000000002
389,10.662773132324219,19.450000000000003
390,5.507449150085449,19.5
391,11.018728256225586,19.55
392,12.298916816711426,19.6
393,8.151081085205078,19.650000000000002
394,11.08708381652832,19.700000000000003
395,14.937751770019531,19.75
396,10.196779251098633,19.8
397,10.92263412475586,19.85
398,12.539873123168945,19.900000000000002
399,10.403864860534668,19.950000000000003
400,12.540152549743652,20.0
401,13.404658317565918,20.05
402,10.618480682373047,20.1
403,10.151676177978516,20.150000000000002
404,11.051145553588867,20.200000000000003
405,3.6437478065490723,20.25
406,7.019669532775879,20.3
407,8.347322463989258,20.35
408,1.3949370384216309,20.400000000000002
409,7.8140130043029785,20.450000000000003
410,7.955230712890625,20.5
411,4.332413673400879,20.55
412,10.402673721313477,20.6
413,11.09459114074707,20.650000000000002
414,6.592822074890137,20.700000000000003
415,10.846977233886719,20.75
416,11.395516395568848,20.8
417,7.918807029724121,20.85
418,11.078481674194336,20.900000000000002
419,9.994140625,20.950000000000003
420,8.784697532653809,21.0
421,10.744032859802246,21.05
422,13.899227142333984,21.1
423,8.211688995361328,21.150000000000002
424,3.97491455078125,21.200000000000003
425,7.317059516906738,21.25
426,4.562917232513428,21.3
427,4.861014366149902,21.35
428,8.723077774047852,21.400000000000002
429,7.437997341156006,21.450000000000003
430,9.97673225402832,21.5
431,13.898725509643555,21.55
432,12.425230979919434,21.6
433,7.9952802658081055,21.650000000000002
434,13.2860746383667,21.700000000000003
435,10.52522087097168,21.75
436,7.0996599197387695,21.8
437,12.873051643371582,21.85
438,10.635231018066406,21.900000000000002
439,9.767070770263672,21.950000000000003
440,15.407017707824707,22.0
441,12.8902587890625,22.05
442,12.194924354553223,22.1
443,16.179229736328125,22.150000000000002
444,8.684737205505371,22.200000000000003
445,11.3967924118042,22.25
446,12.557815551757812,22.3
447,6.928044319152832,22.35
448,8.780746459960938,22.400000000000002
449,11.71988582611084,22.450000000000003
450,4.761791229248047,22.5
451,7.186539649963379,22.55
452,10.411565780639648,22.6
453,6.1476359367370605,22.650000000000002
454,5.677614212036133,22.700000000000003
455,9.459884643554688,22.75
456,7.636362075805664,22.8
457,5.761983871459961,22.85
458,12.601042747497559,22.900000000000002
459,10.70773696899414,22.950000000000003
460,5.2020487785339355,23.0
461,11.081911087036133,23.05
462,10.78844165802002,23.1
463,5.224146842956543,23.150000000000002
464,11.835662841796875,23.200000000000003
465,7.576196670532227,23.25
466,6.1366167068481445,23.3
467,10.811332702636719,23.35
468,6.501651287078857,23.400000000000002
469,5.30363655090332,23.450000000000003
470,10.265045166015625,23.5
471,7.111508846282959,23.55
472,3.3943700790405273,23.6
473,7.54504919052124,23.650000000000002
474,7.672613620758057,23.700000000000003
475,3.0626373291015625,23.75
476,9.234962463378906,23.8
477,9.385445594787598,23.85
478,4.802659034729004,23.900000000000002
479,13.645387649536133,23.950000000000003
480,14.599109649658203,24.0
481,7.579013824462891,24.05
482,13.464056015014648,24.1
483,14.23280143737793,24.150000000000002
484,8.845284461975098,24.200000000000003
485,14.178786277770996,24.25
486,11.661545753479004,24.3
487,6.438831329345703,24.35
488,11.594903945922852,24.400000000000002
489,10.532389640808105,24.450000000000003
490,5.734272003173828,24.5
491,11.026204109191895,24.55
492,12.045927047729492,24.6
493,3.084178924560547,24.650000000000002
494,9.262693405151367,24.700000000000003
495,11.466477394104004,24.75
496,5.69352388381958,24.8
497,11.44668197631836,24.85
498,10.750720977783203,24.900000000000002
499,4.366419315338135,24.950000000000003
500,11.22263240814209,25.0
501,11.16938304901123,25.05
502,10.160500526428223,25.1
503,14.059003829956055,25.150000000000002
504,13.24882984161377,25.200000000000003
505,13.302054405212402,25.25
506,15.347658157348633,25.3
507,8.998132705688477,25.35
508,13.916860580444336,25.400000000000002
509,12.135557174682617,25.450000000000003
510,7.957307815551758,25.5
511,12.243637084960938,25.55
512,10.843301773071289,25.6
513,8.57541561126709,25.650000000000002
514,8.028695106506348,25.700000000000003
515,11.564133644104004,25.75
516,7.705072402954102,25.8
517,6.7905378341674805,25.85
518,10.563640594482422,25.900000000000002
519,8.195249557495117,25.950000000000003
520,5.660377502441406,26.0
521,9.618302345275879,26.05
522,7.915443420410156,26.1
523,8.254350662231445,26.150000000000002
524,12.586048126220703,26.200000000000003
525,6.779297351837158,26.25
526,11.955443382263184,26.3
527,14.004791259765625,26.35
528,8.37366008758545,26.400000000000002
529,12.982518196105957,26.450000000000003
530,13.466536521911621,26.5
531,10.68257999420166,26.55
532,14.404938697814941,26.6
533,16.616071701049805,26.650000000000002
534,9.329687118530273,26.700000000000003
535,10.032504081726074,26.75
536,13.04214859008789,26.8
537,6.9210638999938965,26.85
538,7.9234161376953125,26.900000000000002
539,11.209327697753906,26.950000000000003
540,8.24448299407959,27.0
541,8.130107879638672,27.05
542,10.635269165039062,27.1
543,9.375284194946289,27.150000000000002
544,10.744488716125488,27.200000000000003
545,13.33544921875,27.25
546,8.520055770874023,27.3
547,13.411558151245117,27.35
548,14.106335639953613,27.400000000000002
549,9.88178825378418,27.450000000000003
550,11.86545467376709,27.5
551,12.807731628417969,27.55
552,7.329785346984863,27.6
553,10.374615669250488,27.650000000000002
554,12.512679100036621,27.700000000000003
555,8.535816192626953,27.75
556,10.408915519714355,27.8
557,12.183357238769531,27.85
558,7.933544158935547,27.900000000000002
559,13.05409049987793,27.950000000000003
560,14.73111343383789,28.0
561,12.28424072265625,28.05
562,11.637798309326172,28.1
563,13.822461128234863,28.150000000000002
564,9.217304229736328,28.200000000000003
565,10.29930591583252,28.25
566,12.873295783996582,28.3
567,7.849837303161621,28.35
568,11.938963890075684,28.400000000000002
569,13.260631561279297,28.450000000000003
570,11.187463760375977,28.5
571,8.355908393859863,28.55
572,10.37449836730957,28.6
573,5.543348789215088,28.650000000000002
574,9.850306510925293,28.700000000000003
575,11.170160293579102,28.75
576,5.959579944610596,28.8
577,12.388473510742188,28.85
578,12.180450439453125,28.900000000000002
579,7.347498416900635,28.950000000000003
580,12.608133316040039,29.0
581,12.414606094360352,29.05
582,7.505402088165283,29.1
583,12.896673202514648,29.150000000000002
584,12.593023300170898,29.200000000000003
585,10.176887512207031,29.25
586,13.695207595825195,29.3
587,13.372417449951172,29.35
588,10.236001968383789,29.400000000000002
589,10.737682342529297,29.450000000000003
590,10.993765830993652,29.5
591,3.610750198364258,29.55
592,10.92944622039795,29.6
593,10.242097854614258,29.650000000000002
594,3.6234006881713867,29.700000000000003
595,10.089703559875488,29.75
596,9.969527244567871,29.8
597,5.038156032562256,29.85
598,13.012975692749023,29.900000000000002
599,12.757000923156738,29.950000000000003
600,6.962064743041992,30.0
601,11.297059059143066,30.05
602,14.090959548950195,30.1
603,8.741111755371094,30.150000000000002
604,9.578274726867676,30.200000000000003
605,11.95572280883789,30.25
606,9.587747573852539,30.3
607,8.994806289672852,30.35
608,10.962246894836426,30.400000000000002
609,6.108813285827637,30.450000000000003
610,9.843954086303711,30.5
611,11.56947135925293,30.55
612,5.747523307800293,30.6
613,10.132335662841797,30.650000000000002
614,10.61302661895752,30.700000000000003
615,6.809828758239746,30.75
616,9.478363037109375,30.8
617,11.877190589904785,30.85
618,7.4314117431640625,30.900000000000002
619,9.315523147583008,30.950000000000003
620,12.079774856567383,31.0
621,8.357165336608887,31.05
622,9.314162254333496,31.1
623,12.175369262695312,31.150000000000002
624,10.399008750915527,31.200000000000003
625,9.175599098205566,31.25
626,14.31523609161377,31.3
627,11.281756401062012,31.35
628,9.604662895202637,31.400000000000002
629,12.68691635131836,31.450000000000003
630,7.945011615753174,31.5
631,10.127178192138672,31.55
632,11.798675537109375,31.6
633,6.12513542175293,31.650000000000002
634,8.689274787902832,31.700000000000003
635,13.116064071655273,31.75
636,8.073100090026855,31.8
637,7.147497653961182,31.85
638,10.812440872192383,31.900000000000002
639,9.267288208007812,31.950000000000003
640,7.7504191398620605,32.0
641,11.76795768737793,32.050000000000004
642,9.94650936126709,32.1
643,7.4514594078063965,32.15
644,12.15635871887207,32.2
645,10.59019947052002,32.25
646,8.754502296447754,32.300000000000004
647,12.363018035888672,32.35
648,12.164039611816406,32.4
649,11.222929000854492,32.45
650,14.657875061035156,32.5
651,10.326557159423828,32.550000000000004
652,11.071788787841797,32.6
653,13.075113296508789,32.65
654,10.613297462463379,32.7
655,7.307084560394287,32.75
656,10.636404037475586,32.800000000000004
657,9.07322883605957,32.85
658,5.754085540771484,32.9
659,8.820110321044922,32.95
660,9.748624801635742,33.0
661,9.159268379211426,33.050000000000004
662,14.953485488891602,33.1
663,14.495498657226562,33.15
664,8.405426025390625,33.2
665,13.398078918457031,33.25
666,13.526597023010254,33.300000000000004
667,9.676366806030273,33.35
668,15.972441673278809,33.4
669,14.822556495666504,33.45
670,12.661596298217773,33.5
671,15.814455032348633,33.550000000000004
672,13.379827499389648,33.6
673,9.993363380432129,33.65
674,13.406986236572266,33.7
675,12.413849830627441,33.75
676,9.49255084991455,33.800000000000004
677,12.233175277709961,33.85
678,13.998515129089355,33.9
679,5.745664596557617,33.95
680,8.30272102355957,34.0
681,11.328327178955078,34.050000000000004
682,5.7295637130737305,34.1
683,9.807330131530762,34.15
684,5.904675483703613,34.2
685,5.884644031524658,34.25
686,9.046716690063477,34.300000000000004
687,6.042032241821289,34.35
688,9.58873176574707,34.4
689,12.660284996032715,34.45
690,9.620705604553223,34.5
691,14.172033309936523,34.550000000000004
692,14.344762802124023,34.6
693,9.321571350097656,34.65
694,15.56039047241211,34.7
695,13.428277969360352,34.75
696,10.4033842086792,34.800000000000004
697,13.324853897094727,34.85
698,13.408744812011719,34.9
699,11.490973472595215,34.95
700,13.28818130493164,35.0
701,16.1473445892334,35.050000000000004
702,12.702024459838867,35.1
703,10.09826374053955,35.15
704,13.330296516418457,35.2
705,10.83613109588623,35.25
706,8.81342601776123,35.300000000000004
707,12.252240180969238,35.35
708,11.663426399230957,35.4
709,13.04076862335205,35.45
710,15.191777229309082,35.5
711,10.12828540802002,35.550000000000004
712,14.975744247436523,35.6
713,14.089770317077637,35.65
714,10.65485954284668,35.7
715,15.268488883972168,35.75
716,13.775537490844727,35.800000000000004
717,13.054615020751953,35.85
718,15.542600631713867,35.9
719,15.98757553100586,35.95
720,12.262130737304688,36.0
721,12.243531227111816,36.050000000000004
722,14.521002769470215,36.1
723,10.296319007873535,36.15
724,9.76175594329834,36.2
725,12.757731437683105,36.25
726,10.082632064819336,36.300000000000004
727,10.9761381149292,36.35
728,13.527986526489258,36.4
729,10.118812561035156,36.45
730,13.344836235046387,36.5
731,14.273778915405273,36.550000000000004
732,9.510047912597656,36.6
733,14.356121063232422,36.65
734,14.261188507080078,36.7
735,10.209758758544922,36.75
736,13.94861125946045,36.800000000000004
737,12.581408500671387,36.85
738,7.25438117980957,36.9
739,12.566076278686523,36.95
740,12.674884796142578,37.0
741,7.303216934204102,37.050000000000004
742,12.083019256591797,37.1
743,13.379478454589844,37.15
744,9.362585067749023,37.2
745,13.632078170776367,37.25
746,14.977903366088867,37.300000000000004
747,11.084922790527344,37.35
748,13.906744956970215,37.4
749,14.575590133666992,37.45
750,12.094877243041992,37.5
751,13.809389114379883,37.550000000000004
752,14.793426513671875,37.6
753,11.09795093536377,37.65
754,13.596139907836914,37.7
755,12.933186531066895,37.75
756,7.162583827972412,37.800000000000004
757,10.904837608337402,37.85
758,9.803964614868164,37.9
759,2.4453511238098145,37.95
760,11.577550888061523,38.0
761,10.707176208496094,38.050000000000004
762,6.767497539520264,38.1
763,13.574569702148438,38.15
764,12.308280944824219,38.2
765,8.712600708007812,38.25
766,16.240760803222656,38.300000000000004
767,13.658781051635742,38.35
768,9.280031204223633,38.400000000000006
769,17.160951614379883,38.45
770,14.296188354492188,38.5
771,11.673171997070312,38.550000000000004
772,15.835698127746582,38.6
773,14.55394172668457,38.650000000000006
774,8.811651229858398,38.7
775,10.108141899108887,38.75
776,9.958516120910645,38.800000000000004
777,2.1073827743530273,38.85
778,6.6950812339782715,38.900000000000006
779,7.036310195922852,38.95
780,2.722219467163086,39.0
781,12.008816719055176,39.050000000000004
782,14.26986026763916,39.1
783,12.156991958618164,39.150000000000006
784,11.752009391784668,39.2
785,16.204326629638672,39.25
786,12.03941535949707,39.300000000000004
787,12.091312408447266,39.35
788,15.155149459838867,39.400000000000006
789,12.026798248291016,39.45
790,13.790485382080078,39.5
791,16.60433578491211,39.550000000000004
792,14.944368362426758,39.6
793,9.847269058227539,39.650000000000006
794,12.655229568481445,39.7
795,7.92868709564209,39.75
796,10.564541816711426,39.800000000000004
797,11.669626235961914,39.85
798,6.888669967651367,39.900000000000006
799,10.967841148376465,39.95
800,12.504156112670898,40.0
801,7.923107147216797,40.050000000000004
802,9.438220977783203,40.1
803,11.777278900146484,40.150000000000006
804,9.34738826751709,40.2
805,10.725194931030273,40.25
806,14.056865692138672,40.300000000000004
807,11.978574752807617,40.35
808,13.055155754089355,40.400000000000006
809,17.106990814208984,40.45
810,14.480729103088379,40.5
811,12.034760475158691,40.550000000000004
812,15.73543930053711,40.6
813,14.371549606323242,40.650000000000006
814,12.624832153320312,40.7
815,14.265905380249023,40.75
816,10.306882858276367,40.800000000000004
817,12.44839096069336,40.85
818,13.756366729736328,40.900000000000006
819,9.150461196899414,40.95
820,9.256375312805176,41.0
821,11.338253021240234,41.050000000000004
822,9.073543548583984,41.1
823,9.495447158813477,41.150000000000006
824,12.102227210998535,41.2
825,11.651778221130371,41.25
826,10.763968467712402,41.300000000000004
827,12.179506301879883,41.35
828,13.688164710998535,41.400000000000006
829,9.820268630981445,41.45
830,13.880203247070312,41.5
831,12.283600807189941,41.550000000000004
832,9.429519653320312,41.6
833,13.801730155944824,41.650000000000006
834,13.185273170471191,41.7
835,9.564874649047852,41.75
836,13.460330963134766,41.800000000000004
837,9.895050048828125,41.85
838,8.178182601928711,41.900000000000006
839,10.037924766540527,41.95
840,7.338352680206299,42.0
841,7.568748950958252,42.050000000000004
842,9.859392166137695,42.1
843,8.726310729980469,42.150000000000006
844,9.066390991210938,42.2
845,10.510801315307617,42.25
846,12.670528411865234,42.300000000000004
847,10.266779899597168,42.35
848,15.625364303588867,42.400000000000006
849,15.561941146850586,42.45
850,11.501005172729492,42.5
851,16.35150909423828,42.550000000000004
852,15.472740173339844,42.6
853,11.76500129699707,42.650000000000006
854,17.461057662963867,42.7
855,16.833236694335938,42.75
856,8.6859130859375,42.800000000000004
857,12.94886589050293,42.85
858,11.521682739257812,42.900000000000006
859,8.837388038635254,42.95
860,11.49237060546875,43.0
861,11.953730583190918,43.050000000000004
862,15.478584289550781,43.1
863,14.211288452148438,43.150000000000006
864,11.859954833984375,43.2
865,13.511048316955566,43.25
866,16.386445999145508,43.300000000000004
867,8.971380233764648,43.35
868,9.857976913452148,43.400000000000006
869,12.228346824645996,43.45
870,8.644903182983398,43.5
871,10.510294914245605,43.550000000000004
872,12.937793731689453,43.6
873,12.657506942749023,43.650000000000006
874,13.850290298461914,43.7
875,15.44306755065918,43.75
876,9.313615798950195,43.800000000000004
877,14.522223472595215,43.85
878,12.861894607543945,43.900000000000006
879,9.676753997802734,43.95
880,16.293731689453125,44.0
881,14.657159805297852,44.050000000000004
882,11.966083526611328,44.1
883,12.466561317443848,44.150000000000006
884,15.120756149291992,44.2
885,6.696035861968994,44.25
886,10.506966590881348,44.300000000000004
887,13.427654266357422,44.35
888,8.834125518798828,44.400000000000006
889,9.726275444030762,44.45
890,12.494900703430176,44.5
891,10.854780197143555,44.550000000000004
892,9.851595878601074,44.6
893,11.997872352600098,44.650000000000006
894,10.697432518005371,44.7
895,12.596046447753906,44.75
896,13.586481094360352,44.800000000000004
897,7.87123966217041,44.85
898,15.316519737243652,44.900000000000006
899,13.725056648254395,44.95
900,9.74158763885498,45.0
901,11.807146072387695,45.050000000000004
902,11.170797348022461,45.1
903,4.565800666809082,45.150000000000006
904,11.884015083312988,45.2
905,11.87874984741211,45.25
906,4.922206878662109,45.300000000000004
907,10.452558517456055,45.35
908,11.91424560546875,45.400000000000006
909,6.157354831695557,45.45
910,14.107677459716797,45.5
911,15.168127059936523,45.550000000000004
912,12.41355037689209,45.6
913,13.823915481567383,45.650000000000006
914,13.498495101928711,45.7
915,9.831489562988281,45.75
916,13.615466117858887,45.800000000000004
917,13.273185729980469,45.85
918,8.83311653137207,45.900000000000006
919,10.307999610900879,45.95
920,10.70798397064209,46.0
921,3.01364803314209,46.050000000000004
922,11.950963973999023,46.1
923,9.712135314941406,46.150000000000006
924,5.8788957595825195,46.2
925,12.42888069152832,46.25
926,12.0535306930542,46.300000000000004
927,6.667351722717285,46.35
928,13.882869720458984,46.400000000000006
929,13.662846565246582,46.45
930,9.489358901977539,46.5
931,15.147014617919922,46.550000000000004
932,14.53704833984375,46.6
933,10.267866134643555,46.650000000000006
934,15.76055908203125,46.7
935,14.650285720825195,46.75
936,12.275424003601074,46.800000000000004
937,15.080595016479492,46.85
938,14.516654968261719,46.900000000000006
939,11.94994068145752,46.95
940,14.293492317199707,47.0
941,12.843852996826172,47.050000000000004
942,7.7090630531311035,47.1
943,11.41590690612793,47.150000000000006
944,11.383113861083984,47.2
945,5.985944747924805,47.25
946,13.242066383361816,47.300000000000004
947,12.411742210388184,47.35
948,7.45357084274292,47.400000000000006
949,15.946937561035156,47.45
950,14.851672172546387,47.5
951,10.426605224609375,47.550000000000004
952,17.115232467651367,47.6
953,14.656557083129883,47.650000000000006
954,11.925314903259277,47.7
955,18.598642349243164,47.75
956,16.285329818725586,47.800000000000004
957,14.451557159423828,47.85
958,15.192997932434082,47.900000000000006
959,15.609435081481934,47.95
960,9.843151092529297,48.0
961,13.15951156616211,48.050000000000004
962,12.924544334411621,48.1
963,6.596332550048828,48.150000000000006
964,11.691230773925781,48.2
965,11.068154335021973,48.25
966,7.608646392822266,48.300000000000004
967,13.057445526123047,48.35
968,13.004005432128906,48.400000000000006
969,8.877096176147461,48.45
970,13.297195434570312,48.5
971,15.24864673614502,48.550000000000004
972,11.657340049743652,48.6
973,13.741301536560059,48.650000000000006
974,15.819056510925293,48.7
975,13.535942077636719,48.75
976,12.76430892944336,48.800000000000004
977,15.061623573303223,48.85
978,12.243517875671387,48.900000000000006
979,12.925484657287598,48.95
980,13.807981491088867,49.0
981,8.031564712524414,49.050000000000004
982,11.968008041381836,49.1
983,11.402685165405273,49.150000000000006
984,5.756894111633301,49.2
985,11.450671195983887,49.25
986,12.547122955322266,49.300000000000004
987,7.071792125701904,49.35
988,12.163776397705078,49.400000000000006
989,11.578760147094727,49.45
990,9.212024688720703,49.5
991,12.712556838989258,49.550000000000004
992,14.719998359680176,49.6
993,12.846114158630371,49.650000000000006
994,16.12813949584961,49.7
995,18.171424865722656,49.75
996,17.713029861450195,49.800000000000004
997,13.53130054473877,49.85
998,17.64248275756836,49.900000000000006
999,16.271377563476562,49.95
