,0,1
0,0.0,-0.7114322202348735
1,0.5012531328320802,-0.7114322202348735
2,1.0025062656641603,-0.7114322202348735
3,1.5037593984962405,-0.7114322202348735
4,2.0050125313283207,-0.9078417962815821
5,2.506265664160401,-0.9078417962815821
6,3.007518796992481,-0.9078417962815821
7,3.508771929824561,-0.9078417962815821
8,4.010025062656641,0.7880063057244593
9,4.511278195488721,0.7880063057244593
10,5.012531328320802,0.7880063057244593
11,5.513784461152882,0.7880063057244593
12,6.015037593984962,-0.06641519319631098
13,6.516290726817042,-0.06641519319631098
14,7.017543859649122,-0.06641519319631098
15,7.518796992481203,-0.06641519319631098
16,8.020050125313283,0.775610468115628
17,8.521303258145362,0.775610468115628
18,9.022556390977442,0.775610468115628
19,9.523809523809524,0.775610468115628
20,10.025062656641603,-0.7308680435361224
21,10.526315789473683,-0.7308680435361224
22,11.027568922305765,-0.7308680435361224
23,11.528822055137844,-0.7308680435361224
24,12.030075187969924,0.7060218677988951
25,12.531328320802004,0.7060218677988951
26,13.032581453634084,0.7060218677988951
27,13.533834586466165,0.7060218677988951
28,14.035087719298245,-0.17864564593652776
29,14.536340852130325,-0.17864564593652776
30,15.037593984962406,-0.17864564593652776
31,15.538847117794486,-0.17864564593652776
32,16.040100250626566,0.45776252571046694
33,16.541353383458645,0.45776252571046694
34,17.042606516290725,0.45776252571046694
35,17.543859649122805,0.45776252571046694
36,18.045112781954884,-0.03156834430330663
37,18.546365914786968,-0.03156834430330663
38,19.047619047619047,-0.03156834430330663
39,19.548872180451127,-0.03156834430330663
40,20.050125313283207,-0.9458215086318617
41,20.551378446115287,-0.9458215086318617
42,21.052631578947366,-0.9458215086318617
43,21.553884711779446,-0.9458215086318617
44,22.05513784461153,-0.36222113975254794
45,22.55639097744361,-0.36222113975254794
46,23.05764411027569,-0.36222113975254794
47,23.55889724310777,-0.36222113975254794
48,24.06015037593985,0.5440535251379519
49,24.561403508771928,0.5440535251379519
50,25.062656641604008,0.5440535251379519
51,25.563909774436087,0.5440535251379519
52,26.065162907268167,-0.9332335438223149
53,26.56641604010025,-0.9332335438223149
54,27.06766917293233,-0.9332335438223149
55,27.56892230576441,-0.9332335438223149
56,28.07017543859649,-0.22049721667066946
57,28.57142857142857,-0.22049721667066946
58,29.07268170426065,-0.22049721667066946
59,29.57393483709273,-0.22049721667066946
60,30.075187969924812,0.9483180632820829
61,30.576441102756892,0.9483180632820829
62,31.07769423558897,0.9483180632820829
63,31.57894736842105,0.9483180632820829
64,32.08020050125313,-0.4397504969132625
65,32.581453634085214,-0.4397504969132625
66,33.08270676691729,-0.4397504969132625
67,33.583959899749374,-0.4397504969132625
68,34.08521303258145,-0.006317540132496354
69,34.58646616541353,-0.006317540132496354
70,35.08771929824561,-0.006317540132496354
71,35.58897243107769,-0.006317540132496354
72,36.09022556390977,-0.3867149732995039
73,36.59147869674185,-0.3867149732995039
74,37.092731829573935,-0.3867149732995039
75,37.59398496240601,-0.3867149732995039
76,38.095238095238095,0.5971072777489496
77,38.59649122807017,0.5971072777489496
78,39.097744360902254,0.5971072777489496
79,39.59899749373433,0.5971072777489496
80,40.100250626566414,-0.40021876515225785
81,40.6015037593985,-0.40021876515225785
82,41.10275689223057,-0.40021876515225785
83,41.60401002506266,-0.40021876515225785
84,42.10526315789473,-0.2854959751744123
85,42.606516290726816,-0.2854959751744123
86,43.10776942355889,-0.2854959751744123
87,43.609022556390975,-0.2854959751744123
88,44.11027568922306,-0.6570302933297247
89,44.611528822055135,-0.6570302933297247
90,45.11278195488722,-0.6570302933297247
91,45.614035087719294,-0.6570302933297247
92,46.11528822055138,0.6414040485640068
93,46.616541353383454,0.6414040485640068
94,47.11779448621554,0.6414040485640068
95,47.61904761904761,0.6414040485640068
96,48.1203007518797,0.5204216417337691
97,48.62155388471178,0.5204216417337691
98,49.122807017543856,0.5204216417337691
99,49.62406015037594,0.5204216417337691
100,50.125313283208015,0.1417239683230931
101,50.6265664160401,0.1417239683230931
102,51.127819548872175,0.1417239683230931
103,51.62907268170426,0.1417239683230931
104,52.130325814536334,-0.6969714259816921
105,52.63157894736842,-0.6969714259816921
106,53.1328320802005,-0.6969714259816921
107,53.63408521303258,-0.6969714259816921
108,54.13533834586466,0.4903344303517089
109,54.63659147869674,0.4903344303517089
110,55.13784461152882,0.4903344303517089
111,55.639097744360896,0.4903344303517089
112,56.14035087719298,-0.5240894982928362
113,56.64160401002506,-0.5240894982928362
114,57.14285714285714,-0.5240894982928362
115,57.64411027568922,-0.5240894982928362
116,58.1453634085213,-0.8147120837054838
117,58.64661654135338,-0.8147120837054838
118,59.14786967418546,-0.8147120837054838
119,59.64912280701754,-0.8147120837054838
120,60.150375939849624,-0.8166813312103992
121,60.6516290726817,-0.8166813312103992
122,61.152882205513784,-0.8166813312103992
123,61.65413533834586,-0.8166813312103992
124,62.15538847117794,-0.08664723573883029
125,62.65664160401002,-0.08664723573883029
126,63.1578947368421,-0.08664723573883029
127,63.65914786967418,-0.08664723573883029
128,64.16040100250626,-0.070878722069073
129,64.66165413533834,-0.070878722069073
130,65.16290726817043,-0.070878722069073
131,65.6641604010025,-0.070878722069073
132,66.16541353383458,0.7842006502996905
133,66.66666666666666,0.7842006502996905
134,67.16791979949875,0.7842006502996905
135,67.66917293233082,0.7842006502996905
136,68.1704260651629,-0.2809764123735541
137,68.67167919799499,-0.2809764123735541
138,69.17293233082707,-0.2809764123735541
139,69.67418546365914,-0.2809764123735541
140,70.17543859649122,0.42335505436794646
141,70.67669172932331,0.42335505436794646
142,71.17794486215539,0.42335505436794646
143,71.67919799498746,0.42335505436794646
144,72.18045112781954,-0.1513593318805531
145,72.68170426065163,-0.1513593318805531
146,73.1829573934837,-0.1513593318805531
147,73.68421052631578,-0.1513593318805531
148,74.18546365914787,-0.31257681256524
149,74.68671679197995,-0.31257681256524
150,75.18796992481202,-0.31257681256524
151,75.6892230576441,-0.31257681256524
152,76.19047619047619,-0.5237208872877359
153,76.69172932330827,-0.5237208872877359
154,77.19298245614034,-0.5237208872877359
155,77.69423558897243,-0.5237208872877359
156,78.19548872180451,0.6900311753909967
157,78.69674185463658,0.6900311753909967
158,79.19799498746866,0.6900311753909967
159,79.69924812030075,0.6900311753909967
160,80.20050125313283,0.14430651375869
161,80.7017543859649,0.14430651375869
162,81.203007518797,0.14430651375869
163,81.70426065162907,0.14430651375869
164,82.20551378446115,0.5348495738317225
165,82.70676691729322,0.5348495738317225
166,83.20802005012531,0.5348495738317225
167,83.70927318295739,0.5348495738317225
168,84.21052631578947,-0.7113960800404102
169,84.71177944862156,-0.7113960800404102
170,85.21303258145363,-0.7113960800404102
171,85.71428571428571,-0.7113960800404102
172,86.21553884711778,0.2999211619580228
173,86.71679197994987,0.2999211619580228
174,87.21804511278195,0.2999211619580228
175,87.71929824561403,0.2999211619580228
176,88.22055137844612,-0.8761053010992459
177,88.7218045112782,-0.8761053010992459
178,89.22305764411027,-0.8761053010992459
179,89.72431077694235,-0.8761053010992459
180,90.22556390977444,-0.5066641790442126
181,90.72681704260651,-0.5066641790442126
182,91.22807017543859,-0.5066641790442126
183,91.72932330827066,-0.5066641790442126
184,92.23057644110276,-0.02060435067002324
185,92.73182957393483,-0.02060435067002324
186,93.23308270676691,-0.02060435067002324
187,93.734335839599,-0.02060435067002324
188,94.23558897243107,0.8335027379284374
189,94.73684210526315,0.8335027379284374
190,95.23809523809523,0.8335027379284374
191,95.73934837092732,0.8335027379284374
192,96.2406015037594,-0.6558898475227559
193,96.74185463659147,-0.6558898475227559
194,97.24310776942356,-0.6558898475227559
195,97.74436090225564,-0.6558898475227559
196,98.24561403508771,-0.031136447919859526
197,98.74686716791979,-0.031136447919859526
198,99.24812030075188,-0.031136447919859526
199,99.74937343358395,-0.031136447919859526
200,100.25062656641603,0.3505931778711904
201,100.75187969924812,0.3505931778711904
202,101.2531328320802,0.3505931778711904
203,101.75438596491227,0.3505931778711904
204,102.25563909774435,-0.9470094534317411
205,102.75689223057644,-0.9470094534317411
206,103.25814536340852,-0.9470094534317411
207,103.75939849624059,-0.9470094534317411
208,104.26065162907267,0.621675874762204
209,104.76190476190476,0.621675874762204
210,105.26315789473684,0.621675874762204
211,105.76441102756891,0.621675874762204
212,106.265664160401,0.8763299697085114
213,106.76691729323308,0.8763299697085114
214,107.26817042606515,0.8763299697085114
215,107.76942355889723,0.8763299697085114
216,108.27067669172932,0.6749844034917223
217,108.7719298245614,0.6749844034917223
218,109.27318295739347,0.6749844034917223
219,109.77443609022556,0.6749844034917223
220,110.27568922305764,-0.4996227576576112
221,110.77694235588972,-0.4996227576576112
222,111.27819548872179,-0.4996227576576112
223,111.77944862155388,-0.4996227576576112
224,112.28070175438596,0.3038093560255734
225,112.78195488721803,0.3038093560255734
226,113.28320802005013,0.3038093560255734
227,113.7844611528822,0.3038093560255734
228,114.28571428571428,0.0290761116310675
229,114.78696741854635,0.0290761116310675
230,115.28822055137844,0.0290761116310675
231,115.78947368421052,0.0290761116310675
232,116.2907268170426,-0.39961255339654966
233,116.79197994987469,-0.39961255339654966
234,117.29323308270676,-0.39961255339654966
235,117.79448621553884,-0.39961255339654966
236,118.29573934837092,-0.07357320433603261
237,118.796992481203,-0.07357320433603261
238,119.29824561403508,-0.07357320433603261
239,119.79949874686716,-0.07357320433603261
240,120.30075187969925,0.7396321285943187
241,120.80200501253132,0.7396321285943187
242,121.3032581453634,0.7396321285943187
243,121.80451127819548,0.7396321285943187
244,122.30576441102757,0.2807437872713399
245,122.80701754385964,0.2807437872713399
246,123.30827067669172,0.2807437872713399
247,123.8095238095238,0.2807437872713399
248,124.31077694235589,0.2910089632115692
249,124.81203007518796,0.2910089632115692
250,125.31328320802004,0.2910089632115692
251,125.81453634085213,0.2910089632115692
252,126.3157894736842,0.19173010073736335
253,126.81704260651628,0.19173010073736335
254,127.31829573934836,0.19173010073736335
255,127.81954887218045,0.19173010073736335
256,128.32080200501252,0.07733600134277509
257,128.82205513784461,0.07733600134277509
258,129.32330827067668,0.07733600134277509
259,129.82456140350877,0.07733600134277509
260,130.32581453634086,-0.37481969408385485
261,130.82706766917292,-0.37481969408385485
262,131.328320802005,-0.37481969408385485
263,131.82957393483707,-0.37481969408385485
264,132.33082706766916,-0.8972524300221704
265,132.83208020050125,-0.8972524300221704
266,133.33333333333331,-0.8972524300221704
267,133.8345864661654,-0.8972524300221704
268,134.3358395989975,0.787673008233551
269,134.83709273182956,0.787673008233551
270,135.33834586466165,0.787673008233551
271,135.83959899749374,0.787673008233551
272,136.3408521303258,0.3117086707363303
273,136.8421052631579,0.3117086707363303
274,137.34335839598998,0.3117086707363303
275,137.84461152882204,0.3117086707363303
276,138.34586466165413,-0.10409306230549235
277,138.8471177944862,-0.10409306230549235
278,139.34837092731829,-0.10409306230549235
279,139.84962406015038,-0.10409306230549235
280,140.35087719298244,-0.8050277087089683
281,140.85213032581453,-0.8050277087089683
282,141.35338345864662,-0.8050277087089683
283,141.85463659147868,-0.8050277087089683
284,142.35588972431077,-0.8953561772297224
285,142.85714285714286,-0.8953561772297224
286,143.35839598997492,-0.8953561772297224
287,143.859649122807,-0.8953561772297224
288,144.36090225563908,-0.19682579205155756
289,144.86215538847117,-0.19682579205155756
290,145.36340852130326,-0.19682579205155756
291,145.86466165413532,-0.19682579205155756
292,146.3659147869674,0.36448897742006214
293,146.8671679197995,0.36448897742006214
294,147.36842105263156,0.36448897742006214
295,147.86967418546365,0.36448897742006214
296,148.37092731829574,-0.38649086098894
297,148.8721804511278,-0.38649086098894
298,149.3734335839599,-0.38649086098894
299,149.87468671679198,-0.38649086098894
300,150.37593984962405,0.7622978007688954
301,150.87719298245614,0.7622978007688954
302,151.3784461152882,0.7622978007688954
303,151.8796992481203,0.7622978007688954
304,152.38095238095238,-0.48063099810387244
305,152.88220551378444,-0.48063099810387244
306,153.38345864661653,-0.48063099810387244
307,153.88471177944862,-0.48063099810387244
308,154.38596491228068,-0.22967083465716123
309,154.88721804511277,-0.22967083465716123
310,155.38847117794487,-0.22967083465716123
311,155.88972431077693,-0.22967083465716123
312,156.39097744360902,0.9098279607143995
313,156.8922305764411,0.9098279607143995
314,157.39348370927317,0.9098279607143995
315,157.89473684210526,0.9098279607143995
316,158.39598997493732,-0.6621083906156549
317,158.8972431077694,-0.6621083906156549
318,159.3984962406015,-0.6621083906156549
319,159.89974937343356,-0.6621083906156549
320,160.40100250626566,-0.8156223843518495
321,160.90225563909775,-0.8156223843518495
322,161.4035087719298,-0.8156223843518495
323,161.9047619047619,-0.8156223843518495
324,162.406015037594,0.4458137894009937
325,162.90726817042605,0.4458137894009937
326,163.40852130325814,0.4458137894009937
327,163.9097744360902,0.4458137894009937
328,164.4110275689223,-0.0408239143649665
329,164.91228070175438,-0.0408239143649665
330,165.41353383458645,-0.0408239143649665
331,165.91478696741854,-0.0408239143649665
332,166.41604010025063,0.736445579995606
333,166.9172932330827,0.736445579995606
334,167.41854636591478,0.736445579995606
335,167.91979949874687,0.736445579995606
336,168.42105263157893,-0.26914062306829833
337,168.92230576441102,-0.26914062306829833
338,169.4235588972431,-0.26914062306829833
339,169.92481203007517,-0.26914062306829833
340,170.42606516290726,-0.47906842653258946
341,170.92731829573933,-0.47906842653258946
342,171.42857142857142,-0.47906842653258946
343,171.9298245614035,-0.47906842653258946
344,172.43107769423557,0.2371850550768465
345,172.93233082706766,0.2371850550768465
346,173.43358395989975,0.2371850550768465
347,173.9348370927318,0.2371850550768465
348,174.4360902255639,0.03638283706788859
349,174.937343358396,0.03638283706788859
350,175.43859649122805,0.03638283706788859
351,175.93984962406014,0.03638283706788859
352,176.44110275689223,-0.48109348840182886
353,176.9423558897243,-0.48109348840182886
354,177.4436090225564,-0.48109348840182886
355,177.94486215538845,-0.48109348840182886
356,178.44611528822054,0.8383837248070197
357,178.94736842105263,0.8383837248070197
358,179.4486215538847,0.8383837248070197
359,179.94987468671678,0.8383837248070197
360,180.45112781954887,0.058892154351596865
361,180.95238095238093,0.058892154351596865
362,181.45363408521303,0.058892154351596865
363,181.95488721804512,0.058892154351596865
364,182.45614035087718,0.6738295167906184
365,182.95739348370927,0.6738295167906184
366,183.45864661654133,0.6738295167906184
367,183.95989974937342,0.6738295167906184
368,184.4611528822055,-0.49957472911059514
369,184.96240601503757,-0.49957472911059514
370,185.46365914786966,-0.49957472911059514
371,185.96491228070175,-0.49957472911059514
372,186.46616541353382,0.6497036176402078
373,186.9674185463659,0.6497036176402078
374,187.468671679198,0.6497036176402078
375,187.96992481203006,0.6497036176402078
376,188.47117794486215,0.21396015750113095
377,188.97243107769424,0.21396015750113095
378,189.4736842105263,0.21396015750113095
379,189.9749373433584,0.21396015750113095
380,190.47619047619045,0.2500187143037965
381,190.97744360902254,0.2500187143037965
382,191.47869674185463,0.2500187143037965
383,191.9799498746867,0.2500187143037965
384,192.4812030075188,-0.1336117631191569
385,192.98245614035088,-0.1336117631191569
386,193.48370927318294,-0.1336117631191569
387,193.98496240601503,-0.1336117631191569
388,194.48621553884712,0.12976154148049024
389,194.98746867167918,0.12976154148049024
390,195.48872180451127,0.12976154148049024
391,195.98997493734333,0.12976154148049024
392,196.49122807017542,-0.07939596120552077
393,196.99248120300751,-0.07939596120552077
394,197.49373433583958,-0.07939596120552077
395,197.99498746867167,-0.07939596120552077
396,198.49624060150376,-0.7387608066691906
397,198.99749373433582,-0.7387608066691906
398,199.4987468671679,-0.7387608066691906
399,200.0,-0.7387608066691906