,tlist,amplist
0,0.0,-0.5078068054312479
1,1.0050251256281406,-0.5078068054312479
2,2.0100502512562812,-0.5078068054312479
3,3.015075376884422,-0.5078068054312479
4,4.0201005025125625,0.64482941514076
5,5.025125628140703,0.64482941514076
6,6.030150753768844,0.64482941514076
7,7.035175879396984,0.64482941514076
8,8.040201005025125,0.9840078955861731
9,9.045226130653266,0.9840078955861731
10,10.050251256281406,0.9840078955861731
11,11.055276381909547,0.9840078955861731
12,12.060301507537687,0.37318055146565676
13,13.065326633165828,0.37318055146565676
14,14.070351758793969,0.37318055146565676
15,15.07537688442211,0.37318055146565676
16,16.08040201005025,0.9989391603638351
17,17.08542713567839,0.9989391603638351
18,18.09045226130653,0.9989391603638351
19,19.09547738693467,0.9989391603638351
20,20.100502512562812,0.9961339368619389
21,21.105527638190953,0.9961339368619389
22,22.110552763819094,0.9961339368619389
23,23.115577889447234,0.9961339368619389
24,24.120603015075375,0.9952879638731156
25,25.125628140703515,0.9952879638731156
26,26.130653266331656,0.9952879638731156
27,27.135678391959797,0.9952879638731156
28,28.140703517587937,0.8597975398337413
29,29.145728643216078,0.8597975398337413
30,30.15075376884422,0.8597975398337413
31,31.15577889447236,0.8597975398337413
32,32.1608040201005,0.8580112201678206
33,33.16582914572864,0.8580112201678206
34,34.17085427135678,0.8580112201678206
35,35.175879396984925,0.8580112201678206
36,36.18090452261306,0.5519399518740242
37,37.1859296482412,0.5519399518740242
38,38.19095477386934,0.5519399518740242
39,39.19597989949749,0.5519399518740242
40,40.201005025125625,0.9974700767491714
41,41.20603015075376,0.9974700767491714
42,42.211055276381906,0.9974700767491714
43,43.21608040201005,0.9974700767491714
44,44.22110552763819,0.8722738519320432
45,45.226130653266324,0.8722738519320432
46,46.23115577889447,0.8722738519320432
47,47.23618090452261,0.8722738519320432
48,48.24120603015075,0.45560556423815596
49,49.24623115577889,0.45560556423815596
50,50.25125628140703,0.45560556423815596
51,51.256281407035175,0.45560556423815596
52,52.26130653266331,0.7020304115726493
53,53.26633165829145,0.7020304115726493
54,54.27135678391959,0.7020304115726493
55,55.27638190954774,0.7020304115726493
56,56.281407035175874,-0.8359457169720065
57,57.28643216080401,-0.8359457169720065
58,58.291457286432156,-0.8359457169720065
59,59.2964824120603,-0.8359457169720065
60,60.30150753768844,-0.812596622008415
61,61.306532663316574,-0.812596622008415
62,62.31155778894472,-0.812596622008415
63,63.31658291457286,-0.812596622008415
64,64.321608040201,-0.9489877833893522
65,65.32663316582914,-0.9489877833893522
66,66.33165829145727,-0.9489877833893522
67,67.33668341708542,-0.9489877833893522
68,68.34170854271356,-0.9195042508470226
69,69.3467336683417,-0.9195042508470226
70,70.35175879396985,-0.9195042508470226
71,71.35678391959799,-0.9195042508470226
72,72.36180904522612,-0.6277618587014102
73,73.36683417085426,-0.6277618587014102
74,74.3718592964824,-0.6277618587014102
75,75.37688442211055,-0.6277618587014102
76,76.38190954773869,-0.5627683890625859
77,77.38693467336682,-0.5627683890625859
78,78.39195979899498,-0.5627683890625859
79,79.39698492462311,-0.5627683890625859
80,80.40201005025125,0.145220862413403
81,81.40703517587939,0.145220862413403
82,82.41206030150752,0.145220862413403
83,83.41708542713567,0.145220862413403
84,84.42211055276381,0.47724033705891394
85,85.42713567839195,0.47724033705891394
86,86.4321608040201,0.47724033705891394
87,87.43718592964824,0.47724033705891394
88,88.44221105527637,-0.5137756992556657
89,89.44723618090451,-0.5137756992556657
90,90.45226130653265,-0.5137756992556657
91,91.4572864321608,-0.5137756992556657
92,92.46231155778894,0.2705260581558108
93,93.46733668341707,0.2705260581558108
94,94.47236180904522,0.2705260581558108
95,95.47738693467336,0.2705260581558108
96,96.4824120603015,0.08467479244750922
97,97.48743718592964,0.08467479244750922
98,98.49246231155777,0.08467479244750922
99,99.49748743718592,0.08467479244750922
100,100.50251256281406,-0.9304767123641438
101,101.5075376884422,-0.9304767123641438
102,102.51256281407035,-0.9304767123641438
103,103.51758793969849,-0.9304767123641438
104,104.52261306532662,-0.987776360048789
105,105.52763819095476,-0.987776360048789
106,106.5326633165829,-0.987776360048789
107,107.53768844221105,-0.987776360048789
108,108.54271356783919,-0.7988329962397271
109,109.54773869346732,-0.7988329962397271
110,110.55276381909547,-0.7988329962397271
111,111.55778894472361,-0.7988329962397271
112,112.56281407035175,-0.9999328286635067
113,113.56783919597989,-0.9999328286635067
114,114.57286432160802,-0.9999328286635067
115,115.57788944723617,-0.9999328286635067
116,116.58291457286431,-0.9995772605483368
117,117.58793969849245,-0.9995772605483368
118,118.5929648241206,-0.9995772605483368
119,119.59798994974874,-0.9995772605483368
120,120.60301507537687,0.9952690576800718
121,121.60804020100501,0.9952690576800718
122,122.61306532663315,0.9952690576800718
123,123.6180904522613,0.9952690576800718
124,124.62311557788944,0.16166969471176393
125,125.62814070351757,0.16166969471176393
126,126.63316582914572,0.16166969471176393
127,127.63819095477386,0.16166969471176393
128,128.643216080402,0.9062843169744744
129,129.64824120603015,0.9062843169744744
130,130.65326633165827,0.9062843169744744
131,131.65829145728642,0.9062843169744744
132,132.66331658291455,-0.7597285848503952
133,133.6683417085427,-0.7597285848503952
134,134.67336683417085,-0.7597285848503952
135,135.67839195979897,-0.7597285848503952
136,136.68341708542712,-0.6503521951025228
137,137.68844221105527,-0.6503521951025228
138,138.6934673366834,-0.6503521951025228
139,139.69849246231155,-0.6503521951025228
140,140.7035175879397,0.39608452640392866
141,141.70854271356782,0.39608452640392866
142,142.71356783919597,0.39608452640392866
143,143.7185929648241,0.39608452640392866
144,144.72361809045225,-0.3402029317032782
145,145.7286432160804,-0.3402029317032782
146,146.73366834170852,-0.3402029317032782
147,147.73869346733667,-0.3402029317032782
148,148.7437185929648,0.9961547453627547
149,149.74874371859295,0.9961547453627547
150,150.7537688442211,0.9961547453627547
151,151.75879396984922,0.9961547453627547
152,152.76381909547737,0.5286360305908598
153,153.76884422110552,0.5286360305908598
154,154.77386934673365,0.5286360305908598
155,155.7788944723618,0.5286360305908598
156,156.78391959798995,0.9360392435623041
157,157.78894472361807,0.9360392435623041
158,158.79396984924622,0.9360392435623041
159,159.79899497487435,0.9360392435623041
160,160.8040201005025,0.16030160136780244
161,161.80904522613065,0.16030160136780244
162,162.81407035175877,0.16030160136780244
163,163.81909547738692,0.16030160136780244
164,164.82412060301505,0.9878898140781366
165,165.8291457286432,0.9878898140781366
166,166.83417085427135,0.9878898140781366
167,167.83919597989947,0.9878898140781366
168,168.84422110552762,0.7191112206865901
169,169.84924623115577,0.7191112206865901
170,170.8542713567839,0.7191112206865901
171,171.85929648241205,0.7191112206865901
172,172.8643216080402,-0.7985873152623156
173,173.86934673366832,-0.7985873152623156
174,174.87437185929647,-0.7985873152623156
175,175.8793969849246,-0.7985873152623156
176,176.88442211055275,0.20070810609170345
177,177.8894472361809,0.20070810609170345
178,178.89447236180902,0.20070810609170345
179,179.89949748743717,0.20070810609170345
180,180.9045226130653,0.307765621539098
181,181.90954773869345,0.307765621539098
182,182.9145728643216,0.307765621539098
183,183.91959798994972,0.307765621539098
184,184.92462311557787,0.09400110461906332
185,185.92964824120602,0.09400110461906332
186,186.93467336683415,0.09400110461906332
187,187.9396984924623,0.09400110461906332
188,188.94472361809045,-0.9988921508075659
189,189.94974874371857,-0.9988921508075659
190,190.95477386934672,-0.9988921508075659
191,191.95979899497485,-0.9988921508075659
192,192.964824120603,-0.9946961972235534
193,193.96984924623115,-0.9946961972235534
194,194.97487437185927,-0.9946961972235534
195,195.97989949748742,-0.9946961972235534
196,196.98492462311555,-0.6379473631703381
197,197.9899497487437,-0.6379473631703381
198,198.99497487437185,-0.6379473631703381
199,200.0,-0.6379473631703381
