step,wall,approx_kl,clip_frac,eval_1mU_at_best,eval_JT_end,eval_JT_min,eval_len,eval_return,eval_t_JT_min,eval_t_first_PE,frac_done,mean_reward,min_JT,pg_loss,v_loss
8192,6.610550270997919,0.0072947265681555604,0.10175781697034836,,,,,,,,0.046875,0.5081563591957092,0.016182226302486436,-0.012886172130797378,58.60625076293945
16384,21.35440878002555,0.008778956876734731,0.11439209431409836,0.01732229028956389,0.49397974233675773,0.22337489308779693,20,6.93792560878651,5.0,nan,0.046875,0.6148970127105713,0.019529005422104662,-0.01527692107840249,25.84568214416504
24576,37.61482595000416,0.005963623476514196,0.06741943210363388,,,,,,,,0.0546875,0.7018387913703918,0.020477131866228095,-0.011415718885093247,8.38370418548584
32768,49.91811872101971,0.006751133848965996,0.08314209431409836,0.01732229028956389,0.49397974233675773,0.22337489308779693,20,6.93792560878651,5.0,nan,0.046875,0.7410702705383301,0.02836249882571943,-0.008694927405860572,0.9673349261283875
40960,62.15530170701095,0.011449923253077206,0.15703125298023224,,,,,,,,0.0546875,0.7606249451637268,0.01775741132254266,-0.01830256637054788,0.7953675985336304
49152,76.74159327201778,0.012537740499987918,0.18095703423023224,0.01732229028956389,0.49397974233675773,0.22337489308779693,20,6.93792560878651,5.0,nan,0.046875,0.7855823040008545,0.025091817128855654,-0.020313419486253804,0.91547030210495
57344,150.33014125502086,0.010530000765554338,0.14023438096046448,,,,,,,,0.046875,0.8172208666801453,0.020483380819689447,-0.014940628004436114,1.1892212629318237
65536,218.7934928460163,0.008679615874483874,0.116455078125,0.01804181196814303,0.49024230155089393,0.22386477340730332,20,7.963413785071701,5.0,nan,0.0546875,0.8552741408348083,0.015199709600936319,-0.0138905598336764,1.787421464920044
73728,297.5683026810002,0.009554752563197887,0.1300048828125,,,,,,,,0.046875,0.8915120959281921,0.009750491447909172,-0.014409656168239585,1.7271950244903564
81920,370.859156290011,0.008683627402517867,0.11531982570886612,0.003449448826400192,0.7122676414043049,0.21863383386844384,20,8.38205171528809,5.0,nan,0.0546875,0.9451205730438232,0.009409250404969018,-0.011340934761313724,1.8606207370758057
90112,444.7478886360186,0.007368176224886983,0.09589844197034836,,,,,,,,0.046875,0.9605225920677185,0.005780765147873568,-0.010221194456639044,1.817393183708191
98304,522.3777943190071,0.007040738984788514,0.08503418415784836,0.01732229028956389,0.49397974233675773,0.22337489308779693,20,6.93792560878651,5.0,nan,0.046875,0.9960224628448486,0.005542830553162881,-0.008804322402014307,1.5601359605789185
106496,590.3515581320098,0.008168060930745628,0.10281982272863388,,,,,,,,0.0546875,1.0182833671569824,0.00550435463353457,-0.009905020986972669,1.5844428539276123
114688,666.6591673520161,0.006481543189970482,0.07611083984375,0.01804181196814303,0.49024230155089393,0.22386477340730332,20,7.963413785071701,5.0,nan,0.046875,1.0382176637649536,0.00590264071935257,-0.007128136155199658,1.3923205137252808
122880,738.8885634540056,0.005819476820909542,0.06265868991613388,,,,,,,,0.0546875,1.0638072490692139,0.006018729779579901,-0.00633624469616987,1.4579442739486694
131072,814.0246074180177,0.005932883868157376,0.06910400837659836,0.01804181196814303,0.49024230155089393,0.22386477340730332,20,7.963413785071701,5.0,nan,0.046875,1.0580850839614868,0.0056977636241256294,-0.004726637108636908,1.4943196773529053
139264,896.0682633600081,0.00701966371275714,0.08372803032398224,,,,,,,,0.046875,1.100820779800415,0.0032696953486522577,-0.005967007920944112,1.2301021814346313
147456,962.0243447270186,0.004900823018956243,0.05172119289636612,0.13681930018653776,0.5435639101753461,0.17114701596492413,20,-238.46172597109143,10.0,nan,0.0546875,1.0905790328979492,0.004856964632456185,-0.0038617894642235455,1.458335518836975
155648,1033.1299492060207,0.004513724095197759,0.04415283352136612,,,,,,,,0.046875,1.095587968826294,0.0047852878999504415,-0.002823696904271436,1.3089948892593384
163840,1109.2085515150102,0.004819818113477705,0.05218505859375,0.019857618615976014,0.5314899059279696,0.18086964240389486,20,-236.96798723747597,5.0,20.0,0.0546875,1.1314343214035034,0.0033426204529673044,-0.004074155239048129,1.5376652479171753
172032,1181.791925358004,0.004814112222737467,0.04979247972369194,,,,,,,,0.046875,1.0979413986206055,0.0037504572456879774,-0.0031809666297421173,1.3174567222595215
180224,1255.9454769650183,0.005085046610525637,0.0548095703125,0.04436943757263456,0.648446581058074,0.046249048375292416,20,-75.73702206198378,25.0,20.0,0.046875,1.122006893157959,0.004055172824088282,-0.003194255479971729,1.7002919912338257
188416,1329.5470485039987,0.00573490819653821,0.06264648586511612,,,,,,,,0.0546875,1.1354786157608032,0.0031564899260369986,-0.0038270847038434697,1.1922252178192139
196608,1409.4922387840052,0.005465939615039671,0.05936279520392418,0.13681930018653776,0.5435639101753461,0.17114701596492413,20,-238.46172597109143,10.0,nan,0.046875,1.1345374584197998,0.003789951318693363,-0.003121769901526203,0.9760949015617371
204800,1483.9027743370098,0.0046359884620046175,0.0457763671875,,,,,,,,0.0546875,1.1648342609405518,0.0024641172832209238,-0.00345268558195413,1.2245705127716064
212992,1558.6193388860265,0.005013574520704895,0.0550537109375,0.13681930018653776,0.5435639101753461,0.17114701596492413,20,-238.46172597109143,10.0,nan,0.046875,1.134202480316162,0.0038703129953334583,-0.0037226083986299247,1.1566213369369507
221184,1644.5122237830074,0.005529627920461737,0.06319580227136612,,,,,,,,0.046875,1.1565065383911133,0.0049686817312259435,-0.004062007867768016,1.1980515718460083
229376,1719.8613756060076,0.004860875970539221,0.04810791090130806,0.01804181196814303,0.49024230155089393,0.22386477340730332,20,7.963413785071701,5.0,nan,0.0546875,1.1624265909194946,0.002218686929503322,-0.003238380107032648,1.1565473079681396
237568,1789.69810455502,0.005768545146272248,0.06663818657398224,,,,,,,,0.046875,1.161565899848938,0.0018148171711375284,-0.0036102549512649976,1.2264708280563354
245760,1863.8170133910025,0.004570229219581528,0.04573974758386612,0.01804181196814303,0.49024230155089393,0.22386477340730332,20,7.963413785071701,5.0,nan,0.0546875,1.188735008239746,0.002282921973123686,-0.002430627495239893,1.2686175107955933
253952,1937.4594919510128,0.006451923460000417,0.07814941555261612,,,,,,,,0.046875,1.1583768129348755,0.0037061131068431563,-0.005374444783479564,0.9197624325752258
262144,2012.1306428240205,0.0055561084092539854,0.05988769605755806,0.01804181196814303,0.37102407716715013,0.22386477340730332,20,8.279001092778746,5.0,nan,0.046875,1.1813095808029175,0.003360831810462217,-0.003184505352120122,1.1183935403823853
270336,2091.1965702900197,0.00572924842023599,0.06296386569738388,,,,,,,,0.0546875,1.1790810823440552,0.003114820682572572,-0.003751821522632984,1.2742036581039429
278528,2164.2368772080226,0.005000867483440769,0.05360107496380806,0.01732229028956389,0.49397974233675773,0.22337489308779693,20,6.93792560878651,5.0,nan,0.046875,1.1736007928848267,0.0029562220199072955,-0.0022179660158452756,1.3209179639816284
286720,2246.594568228,0.005744409483899954,0.06343994289636612,,,,,,,,0.0546875,1.2179163694381714,0.0027588599527719085,-0.00438004014896997,1.0875264406204224
294912,2321.6576161690173,0.005620950794700364,0.06168213114142418,0.01732229028956389,0.49397974233675773,0.22337489308779693,20,6.93792560878651,5.0,nan,0.046875,1.1725735664367676,0.0018739614119574256,-0.004493912614454517,1.1046091318130493
303104,2394.044426781009,0.00647898755504288,0.07723388820886612,,,,,,,,0.046875,1.2144536972045898,0.0021072078335858334,-0.004459438278886646,1.1081295013427734
311296,2470.926862523018,0.006184250458427746,0.07208251953125,0.01804181196814303,0.6646293888553995,0.22386477340730332,20,8.130407448789404,5.0,nan,0.0546875,1.2171486616134644,0.00283101148659094,-0.0029224582831942196,1.0593955516815186
319488,2538.9813208490086,0.005435292462911797,0.06328125298023224,,,,,,,,0.046875,1.2134571075439453,0.0008758807241947664,-0.0025579542152513956,1.2042937278747559
327680,2616.139427295013,0.0047503462585763755,0.05006103590130806,0.01732229028956389,0.49397974233675773,0.22337489308779693,20,6.93792560878651,5.0,nan,0.0546875,1.2413972616195679,0.002383084568739713,-0.0016957646185044501,1.3664196729660034
335872,2689.7471004330146,0.005667982352684516,0.06246338039636612,,,,,,,,0.046875,1.1970242261886597,0.001407025024076114,-0.002611037212105865,1.2204700708389282
344064,2761.063493003021,0.00586881237667373,0.06365966796875,0.01732229028956389,0.49397974233675773,0.22337489308779693,20,6.93792560878651,5.0,nan,0.046875,1.2248296737670898,0.001826517764941238,-0.0035484342228141656,1.2789078950881958
352256,2843.108886855014,0.005557403581928392,0.06486816704273224,,,,,,,,0.0546875,1.221752405166626,0.0024610633606394375,-0.003436596176485668,1.2738533020019531
360448,2915.327453207021,0.005556928259378435,0.06507568806409836,0.01732229028956389,0.4483243090313142,0.22337489308779693,20,7.1249377846216815,5.0,nan,0.046875,1.2174538373947144,0.002155288929154098,-0.00266784274817803,1.34976327419281
368640,2990.5180666500237,0.005239333391847133,0.05927734449505806,,,,,,,,0.0546875,1.2519662380218506,0.002052861754731994,-0.0030806475374734296,1.4100172519683838
376832,3068.389547504019,0.0052364489840860135,0.05899658426642418,0.01804181196814303,0.49024230155089393,0.22386477340730332,20,7.963413785071701,5.0,nan,0.046875,1.215720534324646,0.0017481090579546943,-0.0026098240579090224,1.2735658884048462
385024,3136.9736285510007,0.0058381786022829426,0.06790771335363388,,,,,,,,0.046875,1.2476359605789185,0.0014522404357311003,-0.003240241276764323,1.2288211584091187
393216,3214.7642942700186,0.00536198388910321,0.0599365234375,0.01804181196814303,0.49024230155089393,0.22386477340730332,20,7.963413785071701,5.0,nan,0.0546875,1.2445231676101685,0.001481969301299857,-0.0011641703658796555,1.1088922023773193
401408,3298.3527120770013,0.006409185383955259,0.07467041164636612,,,,,,,,0.046875,1.2342818975448608,0.0023781175912860222,-0.004808334205700736,1.085376262664795
409600,3370.7844387540244,0.004817557096679874,0.05104980617761612,0.01804181196814303,0.49024230155089393,0.22386477340730332,20,7.963413785071701,5.0,nan,0.0546875,1.2644720077514648,0.0020579274183872955,-0.0015355522000748475,1.0839262008666992
417792,3445.334616810025,0.006085264182571335,0.07205810397863388,,,,,,,,0.046875,1.2299323081970215,0.002303292119388567,-0.003112572825157093,1.0280016660690308
425984,3516.925052393024,0.006231323532903551,0.07597656548023224,0.007797083594002552,0.6527636733723373,0.21785874877219508,20,8.618290719142506,20.0,nan,0.046875,1.267153024673462,0.0017379375064345282,-0.003019462941836942,0.9012554287910461
434176,3590.92401191502,0.005754221667772598,0.06844482570886612,,,,,,,,0.0546875,1.2618354558944702,0.0017221908786102858,-0.002632977439627453,1.0084279775619507
442368,3659.1665719650046,0.005211910036648251,0.05714111402630806,0.01732229028956389,0.49397974233675773,0.22337489308779693,20,6.93792560878651,5.0,nan,0.046875,1.2451077699661255,0.001483378846123118,-0.0026799881773502173,1.0165972709655762
450560,3688.974682370026,0.005931507538576706,0.06939697265625,,,,,,,,0.0546875,1.286153793334961,0.0016353177600382353,-0.003340189202289401,1.3408259153366089
458752,3698.2398053530196,0.006432279819019816,0.07794189453125,0.01732229028956389,0.49397974233675773,0.22337489308779693,20,6.93792560878651,5.0,nan,0.046875,1.24132239818573,0.0016228835697720157,-0.0037452879533776853,0.9511297345161438
466944,3708.7626325400197,0.005490931751225496,0.06241455301642418,,,,,,,,0.046875,1.2783124446868896,0.0010944449234322362,-0.0026864936698886136,1.0891399383544922
475136,3719.194501040998,0.005289621149796438,0.05781250074505806,0.01732229028956389,0.49397974233675773,0.22337489308779693,20,6.93792560878651,5.0,nan,0.0546875,1.265906810760498,0.001702864849233643,-0.0024095408580682765,1.1137763261795044
483328,3728.438354695012,0.00595313944944215,0.06849365681409836,,,,,,,,0.046875,1.2607109546661377,0.001659902746384512,-0.0017972874299888371,0.9603237509727478
491520,3740.568408291001,0.005533517994094465,0.06165771558880806,0.01732229028956389,0.49397974233675773,0.22337489308779693,20,6.93792560878651,5.0,nan,0.0546875,1.2954825162887573,0.0010512868430438416,-0.0023908401343042812,1.1682062149047852
499712,3752.1639222950034,0.005624729602033699,0.06602783501148224,,,,,,,,0.046875,1.250322937965393,0.0012086570595334024,-0.0015876736816093616,1.0593169927597046
507904,3762.3338116460072,0.005319233354688511,0.06031494215130806,0.01732229028956389,0.49397974233675773,0.22337489308779693,20,6.93792560878651,5.0,nan,0.046875,1.2848775386810303,0.0015935702581564627,-0.0018089863030013517,1.1294071674346924
516096,3775.435686980025,0.0054159249699082795,0.06232910230755806,,,,,,,,0.0546875,1.2751013040542603,0.001854971010869677,-0.0020322564132986966,1.1378220319747925
524288,3788.0807808969985,0.005154616449760296,0.05711669847369194,0.01732229028956389,0.49397974233675773,0.22337489308779693,20,6.93792560878651,5.0,nan,0.046875,1.263541340827942,0.0015756029629320325,-0.0004878329942703818,1.2111090421676636
532480,3801.756176609022,0.0053415466260768206,0.06097412109375,,,,,,,,0.0546875,1.3142080307006836,0.0014172867783926236,-0.001149565842975473,1.131914496421814
540672,3817.5485554750194,0.006299884078909541,0.07634277641773224,0.01732229028956389,0.49397974233675773,0.22337489308779693,20,6.93792560878651,5.0,nan,0.046875,1.2604734897613525,0.0017904404398451645,-0.002436813668010434,0.9995355606079102
548864,3829.4118145100074,0.006248765521858547,0.0750732421875,,,,,,,,0.046875,1.2899764776229858,0.0015724314575970566,-0.001971496851689368,1.1048258543014526
557056,3844.2371028150083,0.00567349131516676,0.06256103515625,0.01732229028956389,0.49397974233675773,0.22337489308779693,20,6.93792560878651,5.0,nan,0.0546875,1.289720058441162,0.0017648695928943582,-0.0015280174651446012,1.210370659828186
565248,3914.290583916998,0.00643624886362909,0.07852783054113388,,,,,,,,0.046875,1.2814606428146362,0.0015638016025318335,-0.00296311234660529,1.0543195009231567
573440,3983.705332415004,0.0049057989811453736,0.052978515625,0.055348960648841206,0.44688067010563864,0.21349374519262088,20,3.6133293073436183,10.0,nan,0.0546875,1.324154257774353,0.0015695473555431662,-0.002084144679706003,1.1664737462997437
581632,4022.7430243380077,0.005733570034275943,0.06833495944738388,,,,,,,,0.046875,1.2741148471832275,0.0008857354125616168,-0.0016898949221238629,1.0885578393936157
589824,4033.318454574008,0.0065359821206676496,0.08265381306409836,0.13681930018653776,0.38929142500551284,0.17114701596492413,20,-151.15211259731322,10.0,75.0,0.046875,1.303015947341919,0.0011982297647715413,-0.0022163359112597897,1.0253902673721313
598016,4045.57410978002,0.0063799199964416665,0.07817383110523224,,,,,,,,0.0546875,1.2901222705841064,0.001216034757028639,-0.0010340904981638447,1.2904459238052368
606208,4055.5214999360032,0.005384051875303577,0.0604248046875,0.018026032307131623,0.3804595089321591,0.22314452353135325,20,8.829714304896404,5.0,nan,0.046875,1.2862725257873535,0.001477010891229591,-0.0013005931114430738,1.015113115310669
614400,4069.513478932,0.0059971952893060594,0.07193603366613388,,,,,,,,0.0546875,1.3271632194519043,0.0016900784073678012,-0.002503526221453413,1.180575966835022
622592,4083.072372609022,0.006252688157079203,0.07745361328125,0.01732229028956389,0.49397974233675773,0.22337489308779693,20,6.93792560878651,5.0,nan,0.046875,1.279015302658081,0.0011055096227665985,-0.0027153268475266002,1.3221181631088257
630784,4092.998855409998,0.00600019215340394,0.07282715290784836,,,,,,,,0.046875,1.2993392944335938,0.001160509284983513,-0.0019586978424828024,1.4161043167114258
638976,4107.7072625069995,0.005879432723059601,0.06884765625,0.014733286817465108,0.3758775785487509,0.22228596726479516,20,8.089188574986496,5.0,nan,0.0546875,1.294995903968811,0.0013055208540289855,-0.002115311017920781,1.5752114057540894
647168,4122.244551628013,0.006026979137919339,0.07469482719898224,,,,,,,,0.046875,1.291751503944397,0.0010274217633221895,-0.001974847184263663,1.4131304025650024
655360,4134.422173254017,0.005971983701760001,0.07148437947034836,0.01732229028956389,0.49397974233675773,0.22337489308779693,20,6.93792560878651,5.0,nan,0.0546875,1.3150427341461182,0.0008469737709187243,-0.001497536083255745,1.5084495544433594
663552,4149.766510870017,0.005506280755974833,0.06246338039636612,,,,,,,,0.046875,1.2707332372665405,0.0013478366782892492,-0.0015333598536436763,1.4868322610855103
671744,4214.775355232006,0.0054839138910121946,0.0618896484375,0.01732229028956389,0.49397974233675773,0.22337489308779693,20,6.93792560878651,5.0,nan,0.046875,1.3169349431991577,0.0016976271683394883,-0.0012512137154457933,1.2059701681137085
679936,4286.35170434101,0.0053999146062425375,0.06245117262005806,,,,,,,,0.0546875,1.3149315118789673,0.001156984139919659,-0.0006534675261941561,1.2401803731918335
688128,4333.504353658005,0.004776709898411726,0.05198974534869194,0.01732229028956389,0.49397974233675773,0.22337489308779693,20,6.93792560878651,5.0,nan,0.046875,1.299773097038269,0.0012909973145461052,-5.663738328518355e-06,1.2292894124984741
696320,4345.141168086004,0.005002854192942947,0.05406494066119194,,,,,,,,0.0546875,1.3456056118011475,0.00109273514779632,-0.0005232721863524325,1.4535582065582275
704512,4355.829163875023,0.006104960804285635,0.07401122897863388,0.06889320445420433,0.5188299940936322,0.1935521639762491,20,7.040775871226257,10.0,nan,0.046875,1.2778375148773193,0.0014733473855636503,-0.001249766972920094,1.4289013147354126
712704,4367.6177564740065,0.005723928132781185,0.06549072265625,,,,,,,,0.046875,1.323786735534668,0.001227414257829318,-0.0017986360179654257,1.1854358911514282
720896,4380.983115077019,0.005390545461539685,0.05936279520392418,0.01732229028956389,0.49397974233675773,0.22337489308779693,20,6.93792560878651,5.0,nan,0.0546875,1.324981451034546,0.0009282240726869673,-0.0008954374246953868,1.2399439811706543
729088,4392.034804385999,0.005359163175747034,0.06208496168255806,,,,,,,,0.046875,1.30491042137146,0.0013324490266899303,0.00029235354129501995,1.2477171421051025
737280,4406.19830533702,0.0062935765844030715,0.07631836086511612,0.01732229028956389,0.49397974233675773,0.22337489308779693,20,6.93792560878651,5.0,nan,0.0546875,1.3557909727096558,0.000993383469515885,-0.0020048195537513925,1.1236246824264526
745472,4420.898163951002,0.0051529711692987964,0.05679931864142418,,,,,,,,0.046875,1.2908834218978882,0.0018321223070399185,-0.00042327841846942515,1.1704068183898926
753664,4432.801375181007,0.005059209206916647,0.05712890625,0.01732229028956389,0.49397974233675773,0.22337489308779693,20,6.93792560878651,5.0,nan,0.046875,1.3286046981811523,0.0011757765055972925,0.0003260754569105349,1.2645070552825928
761856,4448.426082297025,0.005717181956041928,0.06843262165784836,,,,,,,,0.0546875,1.321108341217041,0.0011428044769677627,-0.0006155361613748373,1.2321847677230835
770048,4501.291892031004,0.0051875298150008495,0.05823974683880806,0.01732229028956389,0.49397974233675773,0.22337489308779693,20,6.93792560878651,5.0,nan,0.046875,1.307849645614624,0.0017038407539464173,-0.000998100054844853,1.1145684719085693
778240,4570.920570952003,0.006127289974310619,0.074951171875,,,,,,,,0.0546875,1.3492881059646606,0.0011586444017333776,-0.0014762264844758038,1.378376841545105
786432,4638.874380316003,0.006500890563090756,0.08118896931409836,0.01732229028956389,0.49397974233675773,0.22337489308779693,20,6.93792560878651,5.0,nan,0.046875,1.2964295148849487,0.0012120812621789212,-0.0015869819621470418,1.2023993730545044
794624,4667.430951932998,0.0054489802149414335,0.06263428181409836,,,,,,,,0.046875,1.3211596012115479,0.00030379835167065883,-0.0006691477732124782,1.258416771888733
802816,4677.627234383021,0.006391556467924585,0.08038330078125,0.01732229028956389,0.49397974233675773,0.22337489308779693,20,6.93792560878651,5.0,nan,0.0546875,1.32017982006073,0.0016690933388168517,-0.0013136595587585403,0.9599245190620422
811008,4689.580023381015,0.005904107451724062,0.0693359375,,,,,,,,0.046875,1.3103654384613037,0.0014640528877810312,-0.0011025176005075032,1.0021107196807861
819200,4701.558585592022,0.005668832926669976,0.06464844197034836,0.01732229028956389,0.49397974233675773,0.22337489308779693,20,6.93792560878651,5.0,nan,0.0546875,1.3596808910369873,0.0009480296382903375,-0.0006827613662530091,0.9725273251533508
827392,4712.409170331026,0.006745549613674035,0.08465576171875,,,,,,,,0.046875,1.3006263971328735,0.0007087079890337634,-0.0017112663588278003,1.114146113395691
835584,4726.110384374013,0.006006311279191755,0.07222900539636612,0.01732229028956389,0.49397974233675773,0.22337489308779693,20,6.93792560878651,5.0,nan,0.046875,1.3411767482757568,0.0012284554625933254,-0.0018677979015977427,0.9267372488975525
843776,4739.6033494240255,0.005605340799143376,0.06585693359375,,,,,,,,0.0546875,1.3365318775177002,0.00113587814506525,-0.0011673706175867778,0.8697338104248047
851968,4751.695698212017,0.005846447247969969,0.07027588039636612,0.01732229028956389,0.49397974233675773,0.22337489308779693,20,6.93792560878651,5.0,nan,0.046875,1.3156062364578247,0.000956752139101924,-0.001648540372109824,1.057821273803711
860160,4767.005993731,0.005525355669962886,0.0648193359375,,,,,,,,0.0546875,1.3610990047454834,0.0012528258563127338,0.00021227452345401725,1.1280542612075806
868352,4780.5317112250195,0.006333812141173026,0.07810058444738388,0.01732229028956389,0.4400687069848742,0.22337489308779693,20,7.984302243009138,5.0,nan,0.046875,1.3078235387802124,0.0014440799862613374,-0.0014681073633463532,0.9527740478515625
876544,4795.043542977015,0.0059692308440650816,0.07152099907398224,,,,,,,,0.046875,1.3388252258300781,0.0011032534334755595,-0.001528280878241044,1.1833528280258179
884736,4853.446302089025,0.005455603855607252,0.06148681789636612,0.01732229028956389,0.49397974233675773,0.22337489308779693,20,6.93792560878651,5.0,nan,0.0546875,1.3373725414276123,0.0014304267655196213,-0.0005832486497255758,1.2294210195541382
892928,4915.516129880998,0.0060480472957101135,0.07354736328125,,,,,,,,0.046875,1.3123730421066284,0.0010443630599487163,-0.0013149133014720771,1.0695172548294067
901120,4974.970650411007,0.006171320378851628,0.07662353664636612,0.0055070380113916295,0.5043568520079449,0.21761523542764255,20,8.493172282067734,10.0,nan,0.0546875,1.3681443929672241,0.0010937500378534694,-0.001856935202407959,1.0865787267684937
909312,4988.10345505501,0.006167319999558214,0.07673340290784836,,,,,,,,0.046875,1.3042573928833008,0.0010965582902368153,-0.0019915537107882235,1.1252588033676147
917504,4998.790644855006,0.005980261448710284,0.07132568210363388,0.01804181196814303,0.47808279889359456,0.22386477340730332,20,7.875352553888153,5.0,nan,0.046875,1.3430888652801514,0.0011134199164879789,-0.00045697056683623627,1.029024362564087
925696,5009.801765550015,0.005115248030525346,0.05778808519244194,,,,,,,,0.0546875,1.332741379737854,0.0015143380299590505,0.00018229682414827757,1.1569775342941284
933888,5022.272697636014,0.005207743444371849,0.05933837965130806,0.01732229028956389,0.5564544556594022,0.22337489308779693,20,5.089955701002313,5.0,nan,0.046875,1.3265482187271118,0.0012301097300779218,0.0001425764108731381,1.2232574224472046
942080,5033.084986310016,0.005461835116006465,0.06340332329273224,,,,,,,,0.0546875,1.3683521747589111,0.0014852488650939023,0.00021820241617915762,1.314464807510376
950272,5046.277411686024,0.006015012869561669,0.07387695461511612,0.01804181196814303,0.2770686231715694,0.22386477340730332,20,7.0133467527077915,5.0,nan,0.046875,1.3047285079956055,0.001080255704077915,-0.0006111315093377634,1.2888224124908447
958464,5061.427673107013,0.0060306892631387145,0.07225342094898224,,,,,,,,0.046875,1.3420475721359253,0.0012660163902070366,-0.0015093491308453544,1.2561557292938232
966656,5072.848431183025,0.006035461720058784,0.06987304985523224,0.01732229028956389,0.49397974233675773,0.22337489308779693,20,6.93792560878651,5.0,nan,0.0546875,1.3310555219650269,0.0015867090176139853,-0.001650770806929718,1.2458059787750244
974848,5088.599607101001,0.005602460454143081,0.06572265923023224,,,,,,,,0.046875,1.3188180923461914,0.000783368580079491,-0.0002740748122322946,1.4198940992355347
983040,5103.4421969820105,0.006096737394201493,0.07402344048023224,0.01732229028956389,0.5409246130938484,0.22337489308779693,20,7.725675203879967,5.0,nan,0.0546875,1.3612288236618042,0.0013170256306186956,-0.0006160102291120032,1.4392775297164917
991232,5125.56027597902,0.00648630421582053,0.08164062350988388,,,,,,,,0.046875,1.3075823783874512,0.0012276337983946008,-0.0012146646465694775,1.4121025800704956
999424,5194.295460358,0.006044862590072162,0.07258301228284836,0.01732229028956389,0.4031575242654374,0.22337489308779693,20,7.853129692864475,5.0,nan,0.046875,1.3508484363555908,0.0009464556674754987,5.7942377750681127e-05,1.4420908689498901
1007616,5261.93707548501,0.006082443176565658,0.07489013671875,,,,,,,,0.0546875,1.3340717554092407,0.0013131196901344012,-0.0018968268237282997,1.4278963804244995
1015808,5312.255033416004,0.005711425364227063,0.06785888969898224,0.01732229028956389,0.49397974233675773,0.22337489308779693,20,6.93792560878651,5.0,nan,0.046875,1.3244792222976685,0.001158439728060523,-0.0011427776814743778,1.482027292251587
1024000,5322.800818626012,0.006708902592137911,0.08292236179113388,,,,,,,,0.0546875,1.356022834777832,0.0011964146600456417,-0.0010518185951460806,1.4441779851913452
1032192,5333.5970958770195,0.006274000417124798,0.07803954929113388,0.01804181196814303,0.35176896315693973,0.22386477340730332,20,8.435412012801633,5.0,nan,0.046875,1.3094674348831177,0.0012937909321786179,-0.0014748338536012433,1.2886505126953125
1040384,5345.424345901003,0.005849130430799147,0.07039795070886612,,,,,,,,0.046875,1.3440653085708618,0.0008129452516891233,-0.00022663582609864878,1.3503223657608032
1048576,5355.188430663024,0.006021606384310632,0.07365722954273224,0.01804181196814303,0.49024230155089393,0.22386477340730332,20,7.963413785071701,5.0,nan,0.0546875,1.3270587921142578,0.0010586658763871327,-0.0017788462098064035,1.3172399997711182
1056768,5368.157361669,0.006406785436154136,0.07901611179113388,,,,,,,,0.046875,1.3312294483184814,0.001171313215515768,-0.000841203428379524,1.215375304222107
1064960,5380.7013421580195,0.006316496135928879,0.07841797173023224,0.01804181196814303,0.41783180486516586,0.22386477340730332,20,8.019436944644733,5.0,nan,0.0546875,1.3746447563171387,0.0012304775547663184,-0.0011747563819936961,1.3737831115722656
1073152,5391.588379438006,0.005692370930614187,0.06649170070886612,,,,,,,,0.046875,1.3096646070480347,0.0011638629222628595,-0.0019264065392258492,1.4918994903564453
1081344,5405.209957796003,0.006175897653298438,0.07398682087659836,0.01804181196814303,0.49024230155089393,0.22386477340730332,20,7.963413785071701,5.0,nan,0.046875,1.3552221059799194,0.0010379070288107585,-0.00036094594235898565,1.2773380279541016
1089536,5417.733210667007,0.006075858250672739,0.07431640475988388,,,,,,,,0.0546875,1.3460386991500854,0.000903965680606278,-0.0005597409512431474,1.413901686668396
1097728,5429.1525023150025,0.00570909884320275,0.06688232719898224,0.01804181196814303,0.49024230155089393,0.22386477340730332,20,7.963413785071701,5.0,nan,0.046875,1.3374043703079224,0.0012362107699931514,-0.0005709504425998211,1.3717845678329468
1105920,5449.379364674009,0.007351539682259912,0.09626465290784836,,,,,,,,0.0546875,1.367248296737671,0.0005246877701121533,-0.0025230679362705857,1.3787509202957153
1114112,5511.267249392025,0.005936770519175648,0.07216797024011612,0.01804181196814303,0.49024230155089393,0.22386477340730332,20,7.963413785071701,5.0,nan,0.046875,1.3123588562011719,0.0013322280127233356,-0.0006482523697162869,1.177816390991211
1122304,5577.971815382014,0.005394111389942564,0.06293945759534836,,,,,,,,0.046875,1.3526636362075806,0.0007305627911337154,-0.0005033204462941689,1.2316797971725464
1130496,5613.185511156014,0.006059915020729882,0.07440185546875,0.13681930018653776,0.5427131464694069,0.17114701596492413,20,-25.847324348158693,10.0,nan,0.0546875,1.3409180641174316,0.001066486440669523,-0.0018156188396857694,1.2278339862823486
1138688,5623.184342915018,0.006924691852039225,0.08714599907398224,,,,,,,,0.046875,1.3395917415618896,0.0011179280716175355,-0.002230535286407318,1.1997016668319702
1146880,5633.046070062002,0.005886889750268846,0.07011719048023224,0.05720893867448906,0.4924011409520872,0.19174941129371112,20,8.240104362935867,10.0,nan,0.0546875,1.3731192350387573,0.0008219874359935431,-0.0015079438412137136,1.2190568447113037
1155072,5644.9699507710175,0.006758800786301561,0.08444824069738388,,,,,,,,0.046875,1.3144540786743164,0.0010552038509885064,8.331041998769053e-05,1.1741265058517456
1163264,5656.033940796013,0.005848736337314164,0.07010497897863388,0.01804181196814303,0.49024230155089393,0.22386477340730332,20,7.963413785071701,5.0,nan,0.046875,1.3647578954696655,0.0013152707772236538,-0.0001647501592928507,1.101324200630188
1171456,5665.127045002999,0.006172470003572123,0.07647705078125,,,,,,,,0.0546875,1.3513431549072266,0.001000274638536547,-0.0010278283319833034,1.1131912469863892
1179648,5673.69221416401,0.006369381359223738,0.07998047024011612,0.01804181196814303,0.49024230155089393,0.22386477340730332,20,7.963413785071701,5.0,nan,0.046875,1.336409330368042,0.0005892810695996231,-0.0016982284044737605,1.2314928770065308
1187840,5682.1131403720065,0.006422051361211248,0.08031006157398224,,,,,,,,0.0546875,1.3784971237182617,0.0013167986248850184,-0.0021386317080520495,1.3339853286743164
1196032,5690.789627336024,0.005557832746766739,0.06478271633386612,0.01804181196814303,0.49024230155089393,0.22386477340730332,20,7.963413785071701,5.0,nan,0.046875,1.3270753622055054,0.001312450068716886,-0.0006326192353620258,1.1638684272766113
1204224,5698.972019799025,0.00574858981738231,0.06940918415784836,,,,,,,,0.046875,1.3617732524871826,0.0009036052837003595,-0.0003707495421310684,1.1894187927246094
1212416,5707.019480684015,0.005737377868298563,0.06871338188648224,0.01804181196814303,0.49024230155089393,0.22386477340730332,20,7.963413785071701,5.0,nan,0.0546875,1.3487281799316406,0.001271460933110491,-0.0001489638991999894,1.170344352722168
1220608,5715.148275978019,0.006721524039683341,0.08476562798023224,,,,,,,,0.046875,1.3404427766799927,0.0010221601418933246,-0.0009938710294953722,1.0514532327651978
1228800,5723.243499575008,0.00570230446841841,0.0679931640625,0.01804181196814303,0.49024230155089393,0.22386477340730332,20,7.963413785071701,5.0,nan,0.0546875,1.394073486328125,0.0009041106634115948,-0.001401887873299166,1.2936779260635376
1236992,5731.340924930002,0.0059548440274685465,0.07305908203125,,,,,,,,0.046875,1.3187705278396606,0.0011212234479090256,-0.0011215982305396812,1.1139318943023682
1245184,5739.358812723018,0.00572341636564926,0.06779785454273224,0.01804181196814303,0.49024230155089393,0.22386477340730332,20,7.963413785071701,5.0,nan,0.046875,1.3654886484146118,0.0011920612121751773,-0.0009322561114523209,1.2205857038497925
1253376,5747.475144795026,0.005406880159713759,0.06181640550494194,,,,,,,,0.0546875,1.3498821258544922,0.0010534163941655962,0.00029977671197129233,1.2544313669204712
1261568,5755.4119875760225,0.004817174283893023,0.05234375223517418,0.01804181196814303,0.49024230155089393,0.22386477340730332,20,7.963413785071701,5.0,nan,0.046875,1.3434011936187744,0.0010022745808425328,7.97586788301071e-05,0.9887752532958984
1269760,5763.470617956016,0.005562836560198993,0.06374511867761612,,,,,,,,0.0546875,1.3796885013580322,0.0010070548673421498,0.00013407945302470374,1.121362566947937
1277952,5771.447482496005,0.005997300690081971,0.07207031548023224,0.01804181196814303,0.49024230155089393,0.22386477340730332,20,7.963413785071701,5.0,nan,0.046875,1.3249002695083618,0.0012298271476328339,-0.0003281762344273824,1.0593512058258057
1286144,5779.538061999017,0.005967290035584072,0.07246094197034836,,,,,,,,0.046875,1.3682963848114014,0.0007078312911976581,0.00015899424447473557,1.0839073657989502
1294336,5787.795478871005,0.005403446083692831,0.06350097805261612,0.01804181196814303,0.49024230155089393,0.22386477340730332,20,7.963413785071701,5.0,nan,0.0546875,1.3585608005523682,0.000770623410478366,-0.0006286359453282592,1.0197957754135132
1302528,5795.77665872802,0.006640895776009206,0.08260498195886612,,,,,,,,0.046875,1.350618839263916,0.0010287941794901,-0.001921409346238633,0.9546073079109192
1310720,5803.76605784602,0.006106354121612734,0.07309570163488388,0.01804181196814303,0.49024230155089393,0.22386477340730332,20,7.963413785071701,5.0,nan,0.0546875,1.3965129852294922,0.0008605171312291105,-0.001347386197531306,1.1620771884918213
1318912,5816.472020480025,0.007399623550374615,0.09396972507238388,,,,,,,,0.046875,1.3319453001022339,0.001020308244708923,-0.0017876175780908773,1.224545955657959
1327104,5836.7138343219995,0.00691144558698388,0.08675537258386612,0.01804181196814303,0.49024230155089393,0.22386477340730332,20,7.963413785071701,5.0,nan,0.046875,1.3698304891586304,0.0012872843694750613,-0.0023095129723769334,1.2873775959014893
1335296,5846.774714378,0.006452613455826319,0.07956542819738388,,,,,,,,0.0546875,1.3640638589859009,0.0016343964808549828,-0.0011021614930227957,1.0929869413375854
1343488,5858.3387621480215,0.00596126380330215,0.06992187350988388,0.01804181196814303,0.49024230155089393,0.22386477340730332,20,7.963413785071701,5.0,nan,0.046875,1.3516045808792114,0.0008078363812907497,-0.0002752768512758968,1.149062156677246
1351680,5867.066140676005,0.006214502960443529,0.07601318508386612,,,,,,,,0.0546875,1.3915691375732422,0.0009227356472350734,-0.000923816228628169,1.2405370473861694
1359872,5875.440688904026,0.005904236918270706,0.06988525390625,0.01804181196814303,0.49024230155089393,0.22386477340730332,20,7.963413785071701,5.0,nan,0.046875,1.3331537246704102,0.0015059476360073432,-5.563303210742543e-05,0.980812668800354
1368064,5884.462709753017,0.006387205920004523,0.07681884616613388,,,,,,,,0.046875,1.3822810649871826,0.0008436242190284715,-0.002554704215360564,1.1693305969238281
1376256,5892.74154907302,0.007259759194601246,0.09205322712659836,0.01804181196814303,0.49024230155089393,0.22386477340730332,20,7.963413785071701,5.0,nan,0.0546875,1.3664793968200684,0.0012948305979047503,-0.0023810899080167766,1.2428903579711914
1384448,5901.000644140004,0.007166321374466828,0.09088134765625,,,,,,,,0.046875,1.3500696420669556,0.0008902749600358973,-0.0003948064717312627,1.1085108518600464
1392640,5909.1311732200265,0.006451324505606745,0.07858886569738388,0.01804181196814303,0.49024230155089393,0.22386477340730332,20,7.963413785071701,5.0,nan,0.0546875,1.3938745260238647,0.0011436686305642651,-0.0007848929378035868,1.348617434501648
1400832,5917.307192589011,0.007568213784875582,0.09686279296875,,,,,,,,0.046875,1.3321034908294678,0.000984744628725609,-0.0025174595014263324,1.1503379344940186
1409024,5933.248934185016,0.0061621757360039164,0.07478027790784836,0.01804181196814303,0.49024230155089393,0.22386477340730332,20,7.963413785071701,5.0,nan,0.046875,1.380789041519165,0.0008364755527355939,-0.00039303520885595225,1.1140445470809937
1417216,5945.134124022006,0.005705595036008763,0.06865234673023224,,,,,,,,0.0546875,1.377305030822754,0.0008022605449674258,9.684105307278188e-06,1.1232165098190308
1425408,5955.083575337019,0.006474093717381416,0.08099365234375,0.01804181196814303,0.49024230155089393,0.22386477340730332,20,7.963413785071701,5.0,nan,0.046875,1.3639084100723267,0.001068317949811559,-0.0017572956035475013,1.0732336044311523
1433600,5964.4743510050175,0.005755687517973277,0.06625976413488388,,,,,,,,0.0546875,1.4183869361877441,0.0009855873227049173,0.00023825070954763095,1.0723143815994263
1441792,5973.732537005009,0.006656926565604382,0.08460693806409836,0.01804181196814303,0.49024230155089393,0.22386477340730332,20,7.963413785071701,5.0,nan,0.046875,1.3453681468963623,0.0012558863320364267,-0.0009867471454558037,1.0656832456588745
1449984,5982.97595026702,0.006733329668770743,0.08481445163488388,,,,,,,,0.046875,1.3965301513671875,0.0007478301605347127,-0.0025231442860509,0.9960832595825195
1458176,5992.169717277022,0.005880558216595643,0.07061767578125,0.01804181196814303,0.49024230155089393,0.22386477340730332,20,7.963413785071701,5.0,nan,0.0546875,1.3850266933441162,0.001246043018250498,-0.0001410235168252268,1.0261359214782715
1466368,6001.66040947201,0.006484422750043771,0.08050537109375,,,,,,,,0.046875,1.3627209663391113,0.0010863202170859566,-0.00023831412151403163,1.0517547130584717
1474560,6010.647274361021,0.005852210601523684,0.07025146484375,0.054867978306859744,0.4926739168865615,0.20442991173604458,20,8.138241821470379,10.0,nan,0.0546875,1.4195551872253418,0.0009741143836115796,-0.0008343228776883493,1.0779355764389038
1482752,6019.352960710006,0.006619808509326374,0.08139648288488388,,,,,,,,0.046875,1.356152057647705,0.0008496020066757538,-0.0022652712986243337,1.1260719299316406
1490944,6028.795240952022,0.005949862995019738,0.07106933742761612,0.13681930018653776,0.5402452053263042,0.17114701596492413,20,-10.07437195192478,10.0,nan,0.046875,1.4094170331954956,0.0009519971041645703,-0.0007362127903122272,0.9408470392227173
1499136,6037.859033369023,0.006246295930642763,0.07785644382238388,,,,,,,,0.0546875,1.406281590461731,0.0008275140846728646,-0.0011116178529758265,1.0244991779327393
1507328,6046.783940023015,0.006306059192453537,0.07817383110523224,0.13681930018653776,0.3924373905522528,0.17114701596492413,20,-153.5984720365312,10.0,nan,0.046875,1.3761560916900635,0.001142710637634481,-0.0005143972050968686,1.0978695154190063
1515520,6055.844928841019,0.006401573017399922,0.07718505710363388,,,,,,,,0.0546875,1.4270658493041992,0.0008545251152811573,3.903710821844154e-05,1.1273390054702759
1523712,6064.934495321009,0.006688314629149925,0.08167725056409836,0.13681930018653776,0.4375473397234727,0.17114701596492413,20,-136.52065741178558,10.0,nan,0.046875,1.360870599746704,0.0009325404290128404,-0.0011785150074618445,1.1244287490844727
1531904,6074.145450745011,0.00675426789753856,0.08289795368909836,,,,,,,,0.046875,1.4129738807678223,0.0008971847670238176,-0.0019811104746901955,1.0652827024459839
1540096,6082.879314036021,0.007514096142154855,0.09807129204273224,0.09026948600834073,0.5385224195556201,0.15744539580913997,20,7.812202212313185,10.0,nan,0.0546875,1.4000946283340454,0.0006685543497411018,-0.0017896551162898068,1.1526583433151245
1548288,6091.229538936022,0.006254732674762071,0.07651367038488388,,,,,,,,0.046875,1.3805530071258545,0.0009814700085630235,-0.001584984159397912,1.1393698453903198
1556480,6099.691620941012,0.005863848012664919,0.07166748493909836,0.13681930018653776,0.5435639101753461,0.17114701596492413,20,-238.46172597109143,10.0,nan,0.0546875,1.4315874576568604,0.0010643615494465464,-0.0005325393508462361,1.0908459424972534
1564672,6107.839271222998,0.006304917747217122,0.07609863579273224,,,,,,,,0.046875,1.3780784606933594,0.0011416124460296273,-0.0019513434525145583,0.8895494341850281
1572864,6116.235389565001,0.007018132574739206,0.08759766072034836,0.13681930018653776,0.5435639101753461,0.17114701596492413,20,-238.46172597109143,10.0,nan,0.046875,1.4220184087753296,0.0006375510431669951,-0.0007392439088607903,0.8669489026069641
1581056,6133.18456991401,0.007195143828459705,0.09202881157398224,,,,,,,,0.0546875,1.4088335037231445,0.000811703693075161,-0.0006272251282257841,1.026302695274353
1589248,6144.55976884102,0.006808004880911614,0.08458252251148224,0.13681930018653776,0.5435639101753461,0.17114701596492413,20,-238.46172597109143,10.0,nan,0.046875,1.4010889530181885,0.0009710354093744101,-0.0004129503021802681,0.9050636291503906
1597440,6154.446931371,0.006630308097766941,0.08321533352136612,,,,,,,,0.0546875,1.435573697090149,0.0009943887099220007,-0.00023253771123925467,1.1132177114486694
1605632,6163.718838636007,0.00578475666926529,0.06760253757238388,0.13681930018653776,0.5435639101753461,0.17114701596492413,20,-238.46172597109143,10.0,nan,0.046875,1.3815256357192993,0.0008742349009604466,-0.0012212059395615073,0.915883481502533
1613824,6172.812663610006,0.007400838791020725,0.09691162407398224,,,,,,,,0.046875,1.4215655326843262,0.0009758933314022556,-0.0023843614966971567,1.0031903982162476
1622016,6182.360275157,0.0063532578790307485,0.07600098103284836,0.13681930018653776,0.43575811201393777,0.17114701596492413,20,-161.5589565097538,10.0,nan,0.0546875,1.4170126914978027,0.0009558299634571,-0.0007762587781233675,0.984113335609436
1630208,6191.613268654008,0.0069506268354611045,0.08652343600988388,,,,,,,,0.046875,1.4020113945007324,0.0006396915116711256,4.100189875862609e-05,1.0671011209487915
1638400,6200.701125912019,0.006712057810321532,0.08265381306409836,0.01804181196814303,0.49024230155089393,0.22386477340730332,20,7.963413785071701,5.0,nan,0.0546875,1.4524182081222534,0.0008591183571647122,-0.0012085270307984012,1.1007909774780273
1646592,6209.850118276023,0.0063371920675393545,0.07749023288488388,,,,,,,,0.046875,1.3849917650222778,0.0008794310003018224,-0.0004622372938380323,1.0944503545761108
1654784,6218.607464895002,0.00742204253517014,0.09531249850988388,0.01804181196814303,0.49024230155089393,0.22386477340730332,20,7.963413785071701,5.0,nan,0.046875,1.4359054565429688,0.0009438438626774627,-0.002416088162238859,0.9022819399833679
1662976,6226.878979384026,0.006274582795178139,0.07635498046875,,,,,,,,0.0546875,1.4275487661361694,0.0009640236691099147,-2.7083311806097406e-05,0.9701091647148132
1671168,6237.2420054390095,0.006923066976412162,0.08601074665784836,0.01804181196814303,0.49024230155089393,0.22386477340730332,20,7.963413785071701,5.0,nan,0.046875,1.4077993631362915,0.0009502569278949991,-0.0009621074841032553,0.8372299075126648
1679360,6247.159454888024,0.007365424527990577,0.09394531697034836,,,,,,,,0.0546875,1.4555814266204834,0.0013158987412203672,-0.00027934333183803945,1.0907443761825562
1687552,6257.733150623011,0.0067826128954413985,0.08546143025159836,0.01804181196814303,0.49024230155089393,0.22386477340730332,20,7.963413785071701,5.0,nan,0.046875,1.3936631679534912,0.0009565818893159218,0.00026594572890468034,1.0125845670700073
1695744,6267.505464998016,0.00668967092945994,0.08376464992761612,,,,,,,,0.046875,1.4446139335632324,0.0006872110237196139,-0.0007380757769226079,0.9187102317810059
1703936,6276.472365504014,0.006026946692480502,0.07171630859375,0.01804181196814303,0.49024230155089393,0.22386477340730332,20,7.963413785071701,5.0,nan,0.0546875,1.4256714582443237,0.0010748055179207738,-0.0003622171657325034,1.0214375257492065
1712128,6285.038503893011,0.0063834998891200674,0.07958984375,,,,,,,,0.046875,1.4050410985946655,0.0006901457786426036,-0.0003900077143264836,1.0657742023468018
1720320,6293.4592169850075,0.00679847285058314,0.08281250298023224,0.01804181196814303,0.49024230155089393,0.22386477340730332,20,7.963413785071701,5.0,nan,0.0546875,1.4664455652236938,0.0009302894990777744,-0.0009430131404219183,0.9157633185386658
1728512,6301.572347769019,0.007071545990131481,0.08870849758386612,,,,,,,,0.046875,1.4030463695526123,0.0011687148883260945,-0.0012364413085806582,0.9458988308906555
1736704,6309.218715788011,0.006139341286619399,0.07414551079273224,0.01804181196814303,0.49024230155089393,0.22386477340730332,20,7.963413785071701,5.0,nan,0.046875,1.4412271976470947,0.0005260291748217738,-0.0008878532502255631,1.0474369525909424
1744896,6316.828877498017,0.006375551174173411,0.07785644382238388,,,,,,,,0.0546875,1.427636981010437,0.0008039032134564806,-0.00018473019867331483,1.119941234588623
1753088,6324.686581123999,0.007290961707576477,0.09335937350988388,0.01804181196814303,0.49024230155089393,0.22386477340730332,20,7.963413785071701,5.0,nan,0.046875,1.4152816534042358,0.0011455233533090748,-0.001824769134657885,0.9570534825325012
1761280,6332.403666223021,0.007435547702495352,0.09217529743909836,,,,,,,,0.0546875,1.4642398357391357,0.0010181343495886507,-0.0030706675309161474,1.1471960544586182
1769472,6340.029584524018,0.006834467872797706,0.08588867634534836,0.01804181196814303,0.49024230155089393,0.22386477340730332,20,7.963413785071701,5.0,nan,0.046875,1.3971320390701294,0.0007585788264380056,-0.0006390527568863962,1.078843593597412
1777664,6347.519735662005,0.00670453352562725,0.08347167819738388,,,,,,,,0.046875,1.4530876874923706,0.000928364511611457,-0.001190220368754685,0.9881736636161804
1785856,6354.415514145017,0.007584572005580034,0.09896240383386612,0.01804181196814303,0.49024230155089393,0.22386477340730332,20,7.963413785071701,5.0,nan,0.0546875,1.436116337776184,0.0008150494050988555,-0.001599756676420813,0.9823083877563477
1794048,6361.783219345001,0.007075781070118717,0.08907470852136612,,,,,,,,0.046875,1.4318395853042603,0.0007996008266825228,-0.0006137506148076901,1.0184091329574585
1802240,6368.761008307018,0.0070299699674064384,0.08939208835363388,0.01804181196814303,0.49024230155089393,0.22386477340730332,20,7.963413785071701,5.0,nan,0.0546875,1.4821282625198364,0.0009133402014433912,-0.002544464688995411,1.1034191846847534
1810432,6375.550789330999,0.006952507832407803,0.08616943657398224,,,,,,,,0.046875,1.4080613851547241,0.0010216420843060959,-0.00037073573069645605,1.038652777671814
1818624,6382.414582867001,0.006173238177129236,0.07526855915784836,0.01804181196814303,0.49024230155089393,0.22386477340730332,20,7.963413785071701,5.0,nan,0.046875,1.4580198526382446,0.0007470350819711925,-0.0001263011107029834,0.8474394083023071
1826816,6389.706085546,0.007023373476624148,0.0859375,,,,,,,,0.0546875,1.458512783050537,0.0008227037883215771,-0.0004157102093402141,0.9105650186538696
1835008,6396.612337095023,0.007115855301176624,0.09024658054113388,0.01804181196814303,0.49024230155089393,0.22386477340730332,20,7.963413785071701,5.0,nan,0.046875,1.4341793060302734,0.0011050859598270236,-0.002268800450656674,0.9078527688980103
1843200,6403.900784417026,0.006534879889360501,0.08038330078125,,,,,,,,0.0546875,1.4797097444534302,0.0008258041051330323,-0.001087393641727105,1.2650706768035889
1851392,6410.853566329024,0.006194369066689203,0.07696533203125,0.01804181196814303,0.49024230155089393,0.22386477340730332,20,7.963413785071701,5.0,nan,0.046875,1.4197399616241455,0.0009979744789281654,0.0002208381259280622,0.9494499564170837
1859584,6417.751892434026,0.007609724567541571,0.09803467243909836,,,,,,,,0.046875,1.4703803062438965,0.0009623089287900456,-0.0021236834544927467,0.8594897389411926
1867776,6424.595957339014,0.007110476811717357,0.09044189751148224,0.01804181196814303,0.49024230155089393,0.22386477340730332,20,7.963413785071701,5.0,nan,0.0546875,1.4606297016143799,0.0010963543733237713,-0.0013323565236692623,1.0089428424835205
1875968,6431.372381214023,0.006715685711493918,0.08442383259534836,,,,,,,,0.046875,1.4468683004379272,0.0012109958120091746,-1.816520876991197e-05,0.921968936920166
1884160,6438.112384933018,0.007610008633740498,0.09847412258386612,0.01804181196814303,0.49024230155089393,0.22386477340730332,20,7.963413785071701,5.0,nan,0.0546875,1.5058023929595947,0.0009926929568805476,-0.0008925376918976672,0.870495617389679
1892352,6444.894966521999,0.007443788063461847,0.09677734225988388,,,,,,,,0.046875,1.4262480735778809,0.0008378746664440385,-0.0008135941554437896,0.9739977717399597
1900544,6451.66361757202,0.007262050748591141,0.09372558444738388,0.01804181196814303,0.49024230155089393,0.22386477340730332,20,7.963413785071701,5.0,nan,0.046875,1.485152244567871,0.0008723893012605344,-0.0019152598135811117,0.8482541441917419
1908736,6458.491301982023,0.007030723990069563,0.08826904743909836,,,,,,,,0.0546875,1.466585397720337,0.0008285804424290944,-0.0009789928762306175,0.9469534158706665
1916928,6465.231302516011,0.00782861413813605,0.10133057087659836,0.01804181196814303,0.49024230155089393,0.22386477340730332,20,7.963413785071701,5.0,nan,0.046875,1.445639967918396,0.001050173384708708,-0.00027829535662266187,1.0059123039245605
1925120,6471.976295715023,0.007951986773569184,0.1021728515625,,,,,,,,0.0546875,1.489481806755066,0.0011178817644322493,-0.0026757782489379434,1.1557310819625854
1933312,6478.805512500025,0.006442891533350799,0.07851562649011612,0.01804181196814303,0.49024230155089393,0.22386477340730332,20,7.963413785071701,5.0,nan,0.046875,1.4378228187561035,0.0011094044398359925,0.0007901039956080269,0.9660267233848572
1941504,6485.752086140012,0.00814118528670458,0.10538329929113388,,,,,,,,0.046875,1.4893238544464111,0.0008930582726859427,-0.0002599635634240615,0.9399017691612244
1949696,6492.483270919009,0.007453541885629385,0.09495849907398224,0.01804181196814303,0.49024230155089393,0.22386477340730332,20,7.963413785071701,5.0,nan,0.0546875,1.4816770553588867,0.0008688764885021683,-0.0005235787249038402,0.9793251156806946
1957888,6499.235296551022,0.0073022507721635715,0.09215088188648224,,,,,,,,0.046875,1.4582514762878418,0.0006004739233433809,-3.5007925905479985e-05,0.9197683334350586
1966080,6505.994066058018,0.00828145542683877,0.1077880859375,0.01804181196814303,0.49024230155089393,0.22386477340730332,20,7.963413785071701,5.0,nan,0.0546875,1.521262526512146,0.001009554109384092,-0.0004684120490645021,0.8041899800300598
1974272,6512.790445029008,0.007444210538404231,0.09521484375,,,,,,,,0.046875,1.439347505569458,0.0011322253921524862,-0.0008654621138723423,0.8201279044151306
1982464,6519.776208159019,0.006609419909649333,0.08477783203125,0.01804181196814303,0.49024230155089393,0.22386477340730332,20,7.963413785071701,5.0,nan,0.046875,1.4976352453231812,0.0008260992019701319,-0.00037438750709989344,0.8126727938652039
1990656,6526.539055151021,0.006908280570640176,0.08759766072034836,,,,,,,,0.0546875,1.4918750524520874,0.00079996613361496,0.0010922906688742983,0.9021332859992981
1998848,6533.203841358016,0.006866038938095656,0.08658447116613388,0.01804181196814303,0.49024230155089393,0.22386477340730332,20,7.963413785071701,5.0,nan,0.046875,1.4694769382476807,0.0010086774902871355,-0.0005826910213255112,0.9833343625068665
2007040,6540.019131840003,0.006474825998226669,0.08210449665784836,,,,,,,,0.0546875,1.5273003578186035,0.0010787863992148927,0.0008575601427680623,0.9414874315261841
2015232,6546.653259179002,0.00625947289655834,0.07684326171875,0.01804181196814303,0.49024230155089393,0.22386477340730332,20,7.963413785071701,5.0,nan,0.046875,1.4534958600997925,0.0009134412730344877,0.0007372774914035604,0.847294270992279
2023424,6553.336636427004,0.007362135767226607,0.09475097805261612,,,,,,,,0.046875,1.5041465759277344,0.0009517729657619767,-5.173154373932336e-05,0.723998486995697
2031616,6559.998952671012,0.007526015655041853,0.09903564304113388,0.01804181196814303,0.49024230155089393,0.22386477340730332,20,7.963413785071701,5.0,nan,0.0546875,1.49628746509552,0.0009089767298564922,0.0004322485261590572,0.8792522549629211
2039808,6566.72860185802,0.0065073433313653775,0.08131103962659836,,,,,,,,0.046875,1.474769115447998,0.001079889086090391,-0.000166030988007631,0.8795059323310852
2048000,6573.4295786770235,0.007325473671617348,0.09493408352136612,0.01804181196814303,0.49024230155089393,0.22386477340730332,20,7.963413785071701,5.0,nan,0.0546875,1.5447609424591064,0.0009134453097537133,-8.270885115722815e-05,0.8483805060386658
2056192,6580.001687410026,0.007353830900872326,0.0931396484375,,,,,,,,0.046875,1.4482781887054443,0.0010874008060951623,-0.00048380181058628355,1.1301641464233398
2064384,6586.632179169013,0.007168125414457632,0.09060058742761612,0.01804181196814303,0.49024230155089393,0.22386477340730332,20,7.963413785071701,5.0,nan,0.046875,1.512761116027832,0.0011258872818524224,0.0006669485379514973,0.8502205014228821
2072576,6593.2356789500045,0.007176811847555417,0.09145507961511612,,,,,,,,0.0546875,1.494776725769043,0.0009362013524513713,0.00031956228681482717,1.0002753734588623
2080768,6599.798405035021,0.00759055459436287,0.09726562350988388,0.01804181196814303,0.49024230155089393,0.22386477340730332,20,7.963413785071701,5.0,nan,0.046875,1.4892936944961548,0.000748828389862355,-0.00043069687156349417,0.7461618185043335
2088960,6606.435122933006,0.007191740829327092,0.09259033203125,,,,,,,,0.0546875,1.5276795625686646,0.000868273806225639,0.00043223552215651464,0.8686935305595398
2097152,6613.006564134004,0.008148139749660914,0.10877685993909836,0.01804181196814303,0.49024230155089393,0.22386477340730332,20,7.963413785071701,5.0,nan,0.046875,1.4671709537506104,0.0010069974569100082,-0.00029949974231320873,0.8168172836303711
2105344,6619.576407494023,0.006817592499508873,0.08515625447034836,,,,,,,,0.046875,1.529201626777649,0.0010686549242604371,0.0003324385125443438,0.8317365646362305
2113536,6626.083108751016,0.008043091600677251,0.10516357421875,0.01804181196814303,0.49024230155089393,0.22386477340730332,20,7.963413785071701,5.0,nan,0.0546875,1.5073069334030151,0.001092731025875382,0.0006450285657020952,0.8397132754325867
2121728,6632.576669095026,0.008686481643614482,0.11495361477136612,,,,,,,,0.046875,1.4971630573272705,0.0008733615108972415,-0.002563392282385715,0.7773500680923462
2129920,6639.083732874016,0.008216727066941721,0.10981445759534836,0.01804181196814303,0.49024230155089393,0.22386477340730332,20,7.963413785071701,5.0,nan,0.0546875,1.5573029518127441,0.0008813439591619399,-0.001090191997674941,0.7792940139770508
2138112,6645.788122699014,0.008002649997492747,0.10477294772863388,,,,,,,,0.046875,1.4703599214553833,0.000939917581221772,-0.0009491052330127426,0.7172122001647949
2146304,6652.448122515023,0.007969782344875283,0.10242920368909836,0.01804181196814303,0.49024230155089393,0.22386477340730332,20,7.963413785071701,5.0,nan,0.046875,1.526663064956665,0.000977742817723326,-0.00016319506855963219,0.8553123474121094
2154496,6659.054905812023,0.00734408646090885,0.09383545070886612,,,,,,,,0.0546875,1.5109245777130127,0.0006853236457075141,-0.0005114436378829247,0.8808124661445618
2162688,6665.563160760998,0.00772511103189151,0.10231933742761612,0.01804181196814303,0.49024230155089393,0.22386477340730332,20,7.963413785071701,5.0,nan,0.046875,1.5013271570205688,0.0008240698211701925,0.00017187456395160815,0.8537945747375488
2170880,6672.020029570005,0.007017009505057948,0.08785400539636612,,,,,,,,0.0546875,1.5610144138336182,0.0007126265134768218,0.0012389114368427123,0.7435866594314575
2179072,6678.555473576009,0.008199707059101703,0.10484619438648224,0.01804181196814303,0.49024230155089393,0.22386477340730332,20,7.963413785071701,5.0,nan,0.046875,1.4827452898025513,0.0008254756008433062,0.00034795794062331093,0.7224087119102478
2187264,6685.095444246021,0.007807971047694349,0.10286865383386612,,,,,,,,0.046875,1.5487093925476074,0.0008822666254294176,0.000921578557393837,0.7341812252998352
2195456,6691.661106742016,0.007864430707233281,0.1031494140625,0.01804181196814303,0.49024230155089393,0.22386477340730332,20,7.963413785071701,5.0,nan,0.0546875,1.5242198705673218,0.0008475531418061677,-0.0008476975659851556,0.8485096096992493
2203648,6698.222628940013,0.00782724957555743,0.10292968899011612,,,,,,,,0.046875,1.5061759948730469,0.0008218657392855433,-0.0012079355718943917,0.7860029339790344
2211840,6704.737896955019,0.007473379375688477,0.09548339992761612,0.01804181196814303,0.49024230155089393,0.22386477340730332,20,7.963413785071701,5.0,nan,0.0546875,1.5605499744415283,0.0010335058376126029,-0.0008000823509461499,0.8586502075195312
2220032,6711.279720079008,0.008578913028690568,0.11456298828125,,,,,,,,0.046875,1.4828801155090332,0.0008519585225993054,-0.0012675138180562055,0.822178304195404
2228224,6717.7870408840245,0.007846048849611216,0.10302734375,0.01804181196814303,0.49024230155089393,0.22386477340730332,20,7.963413785071701,5.0,nan,0.046875,1.5355192422866821,0.0009864607978108508,-0.0002174912176732105,0.8460861444473267
2236416,6724.442172711017,0.008675814789713498,0.11392822116613388,,,,,,,,0.0546875,1.5221362113952637,0.0008620926898490367,-0.00023182358955988367,0.8692607879638672
2244608,6730.943525377021,0.007997441684558257,0.10402832180261612,0.01804181196814303,0.49024230155089393,0.22386477340730332,20,7.963413785071701,5.0,nan,0.046875,1.5100480318069458,0.0010393792572837568,-0.00047591600152576644,0.7486260533332825
2252800,6737.454449253011,0.00812845769927288,0.1068115234375,,,,,,,,0.0546875,1.5671868324279785,0.0006733522375540147,0.0004038771968661965,0.840315043926239
2260992,6743.896197740018,0.007140589857699871,0.09104003757238388,0.01804181196814303,0.49024230155089393,0.22386477340730332,20,7.963413785071701,5.0,nan,0.046875,1.4933661222457886,0.0010693205018074692,0.00047895211984529156,0.7505841255187988
2269184,6750.40223983,0.008032847131958147,0.10593261569738388,,,,,,,,0.046875,1.5433975458145142,0.0006562696285402737,-0.00020409730636468602,0.7776107788085938
2277376,6756.988815418998,0.007278269733428731,0.09379883110523224,0.01804181196814303,0.49024230155089393,0.22386477340730332,20,7.963413785071701,5.0,nan,0.0546875,1.5286829471588135,0.0010395944097770892,-0.00019464682155580042,0.7553949356079102
2285568,6763.666808143025,0.007835386963246876,0.10173340141773224,,,,,,,,0.046875,1.521138310432434,0.0010274144375295947,0.0006897181314013021,0.7022281289100647
2293760,6770.174319106998,0.007523662231292354,0.09571533650159836,0.01804181196814303,0.49024230155089393,0.22386477340730332,20,7.963413785071701,5.0,nan,0.0546875,1.585227370262146,0.0009276888122774608,0.0003387892308497349,0.8500496745109558
2301952,6776.675444359018,0.008524685144574924,0.10969238728284836,,,,,,,,0.046875,1.4924037456512451,0.0007173968125362307,-0.00030546066254387677,0.9550091624259949
2310144,6783.204114555003,0.00916953235025343,0.1241455078125,0.01804181196814303,0.49024230155089393,0.22386477340730332,20,7.963413785071701,5.0,nan,0.046875,1.5559817552566528,0.0009231616158254297,-0.0002394853894613607,0.8366054892539978
2318336,6789.756433870003,0.00886571391103988,0.11429443210363388,,,,,,,,0.0546875,1.5443131923675537,0.0008185866502029682,-0.001484542371567036,0.7475483417510986
2326528,6796.252991722024,0.008135437356512055,0.10560303181409836,0.01804181196814303,0.49024230155089393,0.22386477340730332,20,7.963413785071701,5.0,nan,0.046875,1.5247055292129517,0.0007391991844245438,0.00014129040693847142,0.7591612935066223
2334720,6802.836449127004,0.009009689239444401,0.11575927585363388,,,,,,,,0.0546875,1.578392744064331,0.0008591285835119478,-9.524025492160966e-05,0.8568403124809265
2342912,6809.344290453999,0.009929591729583338,0.12933349609375,0.01804181196814303,0.49024230155089393,0.22386477340730332,20,7.963413785071701,5.0,nan,0.046875,1.5055770874023438,0.000924858038198495,-0.0004183700896007281,0.7554308772087097
2351104,6815.818979554024,0.008288236580481511,0.10733642429113388,,,,,,,,0.046875,1.5590195655822754,0.001015767996361683,-0.00017831961561460077,0.8791417479515076
2359296,6822.255689423007,0.009858134570176867,0.13050536811351776,0.01804181196814303,0.49024230155089393,0.22386477340730332,20,7.963413785071701,5.0,nan,0.0546875,1.5462747812271118,0.0009156078800328316,-0.00026796819389708984,0.7048338055610657
2367488,6828.703073053999,0.008046858194669127,0.10637207329273224,,,,,,,,0.046875,1.5244975090026855,0.0010211268331738466,0.00019973181769982197,0.7606226801872253
2375680,6835.202941116004,0.006635375573860703,0.08131103962659836,0.01804181196814303,0.49024230155089393,0.22386477340730332,20,7.963413785071701,5.0,nan,0.0546875,1.598506212234497,0.0007311386469438631,0.0012701814864132508,0.8115854263305664
2383872,6841.634100748022,0.008485434967492496,0.11014404147863388,,,,,,,,0.046875,1.508293628692627,0.0009304808666008469,5.408583888834868e-05,0.7684380412101746
2392064,6848.011915086012,0.006648045790845306,0.08228760212659836,0.01804181196814303,0.49024230155089393,0.22386477340730332,20,7.963413785071701,5.0,nan,0.046875,1.5706394910812378,0.0009726298740809881,0.0004562716004607417,0.7067365050315857
2400256,6854.405585266009,0.00803249522124951,0.10452880710363388,,,,,,,,0.0546875,1.540637493133545,0.0008320031727979127,0.0003608665337347507,0.796782910823822
2408448,6860.861077861016,0.008270228123735615,0.10897216945886612,0.01804181196814303,0.49024230155089393,0.22386477340730332,20,7.963413785071701,5.0,nan,0.046875,1.5392906665802002,0.0009739060652742438,3.568485016880992e-05,0.7221181392669678
2416640,6867.342334062007,0.008062167343539466,0.10208740085363388,,,,,,,,0.0546875,1.593871831893921,0.0009726562973198738,-0.0002599279359842852,0.7015677690505981
2424832,6873.845162050013,0.007973127693043333,0.10423584282398224,0.01804181196814303,0.49024230155089393,0.22386477340730332,20,7.963413785071701,5.0,nan,0.046875,1.5147420167922974,0.0011302368217401494,-9.041489829267102e-05,0.7827915549278259
2433024,6880.343471480999,0.008714676411254793,0.11453857272863388,,,,,,,,0.046875,1.5791687965393066,0.0008483228061677451,-0.0007639313563431662,0.5920698642730713
2441216,6887.102787338023,0.00839755610918668,0.11134033650159836,0.01804181196814303,0.49024230155089393,0.22386477340730332,20,7.963413785071701,5.0,nan,0.0546875,1.5437431335449219,0.0009122980972013806,0.0008836865829361302,0.7494876980781555
2449408,6893.754819457012,0.00768543694552038,0.10050048679113388,,,,,,,,0.046875,1.547137975692749,0.0008623899156547821,-7.019075046762128e-05,0.6608891487121582
2457600,6900.215047304024,0.008588463852112548,0.11175537109375,0.01804181196814303,0.49024230155089393,0.22386477340730332,20,7.963413785071701,5.0,nan,0.0546875,1.6051535606384277,0.0009841387006792046,0.001515039612955154,0.7297126650810242
2465792,6906.763774631021,0.007937316370789274,0.10373535007238388,,,,,,,,0.046875,1.5237445831298828,0.0008603995687594846,0.0010820831544678213,0.6639808416366577
2473984,6913.1888570290175,0.008349486664756675,0.10980224609375,0.01804181196814303,0.49024230155089393,0.22386477340730332,20,7.963413785071701,5.0,nan,0.046875,1.5846213102340698,0.0009676108937278883,-0.0018954857552763175,0.6053563356399536
2482176,6919.682479730021,0.008927645994937415,0.11864013969898224,,,,,,,,0.0546875,1.5694632530212402,0.0009186905093611641,0.0011204646254396242,0.6116009950637817
2490368,6926.164645621,0.008712619360504333,0.11508788913488388,0.01804181196814303,0.49024230155089393,0.22386477340730332,20,7.963413785071701,5.0,nan,0.046875,1.5505971908569336,0.0009739610305625646,-0.0003170242729486497,0.5927719473838806
2498560,6932.61937763801,0.008200174655916343,0.10804443806409836,,,,,,,,0.0546875,1.615868091583252,0.0010149907089741616,0.0005484204549063255,0.5820888876914978
2506752,6939.045249622024,0.00919290832227163,0.12142334133386612,0.01804181196814303,0.5079978312410384,0.22386477340730332,20,7.714407508437507,5.0,nan,0.046875,1.533493995666504,0.0009555214151599656,-0.00044926112765888835,0.6016077399253845
2514944,6945.726362016023,0.008193634042191032,0.10773926228284836,,,,,,,,0.046875,1.5821846723556519,0.0007634243877324365,0.0004913991779716564,0.6800029873847961
2523136,6952.185332266003,0.008079088179439147,0.10539551079273224,0.01804181196814303,0.27918400671018173,0.22386477340730332,20,11.016893681762346,5.0,nan,0.0546875,1.5683289766311646,0.0007689808209485505,-2.3023363235028308e-05,0.7611992359161377
2531328,6958.8096871580055,0.009356403097678915,0.12557373940944672,,,,,,,,0.046875,1.5599578619003296,0.0007611740456565542,-0.00012428888787966382,0.6220582723617554
2539520,6965.3778897130105,0.008052562193314275,0.10548096150159836,0.01804181196814303,0.27627995090978535,0.22386477340730332,20,8.525714447607047,5.0,nan,0.0546875,1.6163415908813477,0.000719197297444596,0.00040247840491967353,0.7082886099815369
2547712,6972.037148520001,0.009772121086086927,0.1263427734375,,,,,,,,0.046875,1.53859281539917,0.0008096639497258252,0.0004286768174200609,0.6484376788139343
2555904,6978.520466125017,0.008608644753091426,0.11419677734375,0.01804181196814303,0.3183081206084889,0.22386477340730332,20,8.330953284180442,5.0,nan,0.046875,1.599623203277588,0.000445877121709104,-0.00013748333404532462,0.6201145052909851
2564096,6985.069838416006,0.00899275998759072,0.12009277194738388,,,,,,,,0.0546875,1.5719637870788574,0.0007544119650998993,0.00013503483032767662,0.6707659959793091
2572288,6991.636305142019,0.010026903676012756,0.13178710639476776,0.01804181196814303,0.5257675797809437,0.22386477340730332,20,7.585993028928091,5.0,nan,0.046875,1.5625905990600586,0.0010282211041010014,-0.00047283692788726607,0.6541364192962646
2580480,6998.2213794270065,0.007903135974580108,0.10456543415784836,,,,,,,,0.0546875,1.6300086975097656,0.0007190660591177234,0.0005361415471308253,0.6174947619438171
2588672,7004.788573978003,0.008579316726870921,0.11115723103284836,0.01804181196814303,0.3563719662596308,0.22386477340730332,20,7.955618536725544,5.0,nan,0.046875,1.5424816608428955,0.0008510280999627696,0.0013888065708379718,0.6738991141319275
2596864,7011.198649651022,0.007914631881917107,0.10089111328125,,,,,,,,0.046875,1.601717472076416,0.0009421905215855176,0.0005194266897337296,0.5904322862625122
2605056,7017.681938909023,0.008429974817140862,0.11027832329273224,0.07707052502631362,0.4752314300308813,0.16521305871189074,20,5.44168939186532,10.0,nan,0.0546875,1.5859787464141846,0.0009322746222374945,-0.0002531440058614554,0.6015068888664246
2613248,7024.194694450998,0.008663662278909166,0.11489257961511612,,,,,,,,0.046875,1.573648452758789,0.000605125182273747,0.0016563544423024588,0.6222736239433289
2621440,7030.8952328239975,0.008323467458427823,0.10867919772863388,0.07333821211726732,0.5582900611865654,0.16799437222322341,20,6.448612020263344,10.0,nan,0.0546875,1.6341290473937988,0.0007576835409630945,-0.0004971198181168187,0.641900360584259
2629632,7037.885674780002,0.008557746125943243,0.1109619140625,,,,,,,,0.046875,1.5454708337783813,0.0007689813852948091,0.00040813976265971193,0.7023199796676636
2637824,7044.932503855001,0.00842416457895853,0.11060791462659836,0.08871196646120094,0.3800087258128852,0.15924469296883603,20,3.6478082148320845,10.0,nan,0.046875,1.604830026626587,0.00078172086317293,0.001748009978758811,0.6521820425987244
2646016,7051.59555210601,0.009060929980933163,0.12132568657398224,,,,,,,,0.0546875,1.5887647867202759,0.0007527468840078711,0.0011394097898844704,0.5794546008110046
2654208,7058.317951143021,0.007926759200801582,0.10112304985523224,0.01804181196814303,0.49024230155089393,0.22386477340730332,20,7.963413785071701,5.0,nan,0.046875,1.5725386142730713,0.0008700858247921218,0.0012381622804107928,0.6229544878005981
2662400,7064.8671837710135,0.008544660136737563,0.11314697563648224,,,,,,,,0.0546875,1.6323156356811523,0.0009526105560860088,0.0007181143684115356,0.5955480933189392
2670592,7071.467370981001,0.008590361589614636,0.11506348103284836,0.01804181196814303,0.49024230155089393,0.22386477340730332,20,7.963413785071701,5.0,nan,0.046875,1.551979422569275,0.0008635134956750945,0.0015462009702182445,0.6012009978294373
2678784,7078.116756125004,0.008625504511173766,0.11464843899011612,,,,,,,,0.046875,1.607027530670166,0.0007314559260757193,0.0017401088399503412,0.660966157913208
2686976,7084.815332373022,0.009497812267786288,0.12294922024011612,0.01804181196814303,0.49024230155089393,0.22386477340730332,20,7.963413785071701,5.0,nan,0.0546875,1.5885378122329712,0.0007703241444399268,0.001841239576019317,0.6320359110832214
2695168,7091.3905961929995,0.008492036854573929,0.11223144829273224,,,,,,,,0.046875,1.5779660940170288,0.0007848452167331544,0.0030388529391944894,0.6127376556396484
2703360,7097.897919474024,0.009343112031547746,0.12351074069738388,0.01799928822854846,0.4928175396606828,0.21978245816380554,20,8.005371763222099,5.0,nan,0.0546875,1.6376402378082275,0.0007437856662427023,0.0008739679635308005,0.6556034684181213
2711552,7104.416559099016,0.010039035171698227,0.13149414956569672,,,,,,,,0.046875,1.558835744857788,0.0008275835586375791,0.0019970385648210923,0.5573814511299133
2719744,7110.955186583014,0.00919514228991632,0.11990966647863388,0.0810988145666186,0.36969724944379395,0.16271321773049502,20,3.549415693113666,10.0,nan,0.046875,1.601815104484558,0.0009204337801315687,-0.00014191616396181148,0.6307170391082764
2727936,7117.500776799017,0.01001691008031535,0.13315430283546448,,,,,,,,0.0546875,1.599794864654541,0.0006473462557255672,-0.00014097278689966132,0.5975560545921326
2736128,7123.997340621019,0.009273017755122572,0.12357177585363388,0.01804181196814303,0.49024230155089393,0.22386477340730332,20,7.963413785071701,5.0,nan,0.046875,1.5792269706726074,0.0009056739332179986,0.00035610776311810233,0.569122850894928
2744320,7130.45736864701,0.009112102876414304,0.12160644680261612,,,,,,,,0.0546875,1.6432656049728394,0.0010050467511179106,-0.00010091892061033352,0.6120640635490417
2752512,7136.8774210010015,0.008561476328099253,0.11293945461511612,0.01804181196814303,0.49024230155089393,0.22386477340730332,20,7.963413785071701,5.0,nan,0.046875,1.5614365339279175,0.0009587305025850923,0.002314271726072711,0.5971291065216064
2760704,7143.289055936009,0.00870078498664216,0.11595459282398224,,,,,,,,0.046875,1.62100350856781,0.0009431042749967645,0.0001998782010147895,0.4852356016635895
2768896,7149.805511120998,0.00917092190860999,0.12266846001148224,0.01804181196814303,0.49024230155089393,0.22386477340730332,20,7.963413785071701,5.0,nan,0.0546875,1.5896633863449097,0.00077446308790593,0.0009821859423722514,0.6052340865135193
2777088,7156.345639840001,0.008690035868094177,0.11601562798023224,,,,,,,,0.046875,1.5926322937011719,0.0008134941125402918,0.0007431467045743876,0.5868952870368958
2785280,7162.926697731018,0.008610443227932862,0.11197509616613388,0.01804181196814303,0.49024230155089393,0.22386477340730332,20,7.963413785071701,5.0,nan,0.0546875,1.6472136974334717,0.0009481980564550852,0.0006219013473166439,0.5305799841880798
2793472,7169.520094528998,0.010167388131683514,0.13692627847194672,,,,,,,,0.046875,1.5678489208221436,0.0009254924091768202,0.0003698624237302034,0.4918281137943268
2801664,7176.0310185950075,0.008522914385423417,0.11197509616613388,0.01804181196814303,0.49024230155089393,0.22386477340730332,20,7.963413785071701,5.0,nan,0.046875,1.6190991401672363,0.0008618646435409772,0.0023045433563830165,0.5962163805961609
2809856,7182.495710627001,0.009480379303125504,0.12473144382238388,,,,,,,,0.0546875,1.6030195951461792,0.0010593302626726753,-0.00046921056918102866,0.5716349482536316
2818048,7189.286819109024,0.008760571099246064,0.11654052883386612,0.01804181196814303,0.49024230155089393,0.22386477340730332,20,7.963413785071701,5.0,nan,0.046875,1.5939853191375732,0.0010462198480158391,0.001973436151130205,0.5031256079673767
2826240,7195.895289123,0.008838416354193548,0.11520995944738388,,,,,,,,0.0546875,1.648157000541687,0.0008826835508029319,-0.0003304761910722686,0.5713878870010376
2834432,7203.081215662009,0.009910641568891307,0.1324462890625,0.01804181196814303,0.49024230155089393,0.22386477340730332,20,7.963413785071701,5.0,nan,0.046875,1.563060998916626,0.0010252079393704761,0.0007223033631980698,0.5699200630187988
2842624,7209.881435971998,0.010182536867774192,0.13662110269069672,,,,,,,,0.046875,1.627942681312561,0.0007746909921322654,0.002024830807976635,0.5070080161094666
2850816,7216.563677390019,0.009000806103097244,0.12026367336511612,0.01804181196814303,0.49024230155089393,0.22386477340730332,20,7.963413785071701,5.0,nan,0.0546875,1.6030550003051758,0.0009545779263138044,0.00017287372831277915,0.5204142928123474
2859008,7223.222479981021,0.009506876473001944,0.12733153998851776,,,,,,,,0.046875,1.589023232460022,0.0009972346126617792,0.0001405806651900969,0.5560850501060486
2867200,7229.855708953022,0.008523065536605841,0.11154785007238388,0.01804181196814303,0.33578535068608184,0.22386477340730332,20,8.055708100915137,5.0,nan,0.0546875,1.6504974365234375,0.0009098229134952064,0.0016714101009953552,0.5558013319969177
2875392,7236.487906961003,0.010755592267576164,0.14077149331569672,,,,,,,,0.046875,1.5695018768310547,0.0009631090390463171,0.00014591318855323787,0.5430522561073303
2883584,7243.027824156015,0.00967878383568676,0.12567138671875,0.002813987335814061,0.22635429171330848,0.2170615176369109,20,12.995383823244103,5.0,nan,0.046875,1.6371064186096191,0.000869588856946757,0.0003392921628073745,0.49500274658203125
2891776,7249.711524779006,0.00895325220727371,0.11458740383386612,,,,,,,,0.0546875,1.613185167312622,0.0008253933615577025,0.0010869152243751614,0.5488406419754028
2899968,7256.228416585014,0.008742400789608496,0.11562500149011612,0.01804181196814303,0.3377305998709695,0.22386477340730332,20,9.017236978310226,5.0,nan,0.046875,1.6025373935699463,0.0008603967426802029,0.0012041161208980588,0.474992573261261
2908160,7262.702313206013,0.008601502489411125,0.11140137165784836,,,,,,,,0.0546875,1.656935214996338,0.0010175983323800764,0.002525801287779522,0.5640029907226562
2916352,7269.373257092026,0.010077029213103751,0.13186036050319672,0.01804181196814303,0.5437885818063454,0.22386477340730332,20,7.751454966546731,5.0,nan,0.046875,1.5765689611434937,0.0008597493581109617,0.0032524806741712365,0.4760100543498993
2924544,7275.93543473602,0.00871336627624765,0.11319579929113388,,,,,,,,0.046875,1.6423413753509521,0.0007585313844196917,0.0016932820430870681,0.48058101534843445
2932736,7282.49652965102,0.009385546315122463,0.1231689453125,0.01804181196814303,0.5539165671124894,0.22386477340730332,20,7.4141356208703675,5.0,nan,0.0546875,1.616400957107544,0.0008977289389242471,0.0016136050964591837,0.484332412481308
2940928,7288.995863756019,0.010167089813671829,0.13358154892921448,,,,,,,,0.046875,1.5993496179580688,0.0009718309318772156,0.0011968892468366653,0.46983981132507324
2949120,7295.508987384004,0.009065890945618276,0.11947021633386612,0.01804181196814303,0.2990389368495444,0.22386477340730332,20,9.36745992654631,5.0,nan,0.0546875,1.6680964231491089,0.0008604200571336818,0.0011623793159004144,0.4742662012577057
2957312,7302.135117972008,0.00824752567476558,0.10770263522863388,,,,,,,,0.046875,1.5764986276626587,0.0008170636184576252,0.0015755807321542296,0.48056745529174805
2965504,7308.734264584025,0.009232428417419418,0.12270507961511612,0.01804181196814303,0.39515513264179425,0.22386477340730332,20,8.775260972421759,5.0,nan,0.046875,1.6388806104660034,0.0007485269648893734,0.0027409114611487533,0.42163991928100586
2973696,7315.335994075023,0.010382945393823175,0.13869629800319672,,,,,,,,0.0546875,1.6136912107467651,0.0007600079790738845,0.0023296873304662117,0.49074211716651917
2981888,7322.095141352998,0.010269933417659822,0.13658447563648224,0.01804181196814303,0.26892737294139357,0.22386477340730332,20,8.19702918770767,5.0,nan,0.046875,1.6016887426376343,0.0006827499547641281,0.0024521890969337276,0.45687946677207947
2990080,7328.717028954008,0.00982705191220735,0.13107910752296448,,,,,,,,0.0546875,1.6700087785720825,0.0009345367619644108,0.001249329621323685,0.470840185880661
2998272,7336.648238925001,0.009610305717178616,0.12785644829273224,0.01804181196814303,0.49024230155089393,0.22386477340730332,20,7.963413785071701,5.0,nan,0.046875,1.5769011974334717,0.0010795635451274932,0.0013373370618554913,0.4968116879463196
